invoice_id,vendor_id,vendor_name,vendor_category,date_issued,date_due,payment_terms,service_type,amount_subtotal,tax_rate,tax_amount,amount_total,status,payment_date,invoice_currency,po_number
INV-000001,V039,Logistics Provider 39,Warehousing,2024-01-01 00:00:00.000000000,2024-01-31 00:00:00.000000000,NET30,Customs Clearance,39527.52,0.0,0.0,39527.52,Pending,,USD,PO-3142
INV-000002,V029,Logistics Provider 29,Customs Broker,2024-01-01 14:17:39.459459459,2024-01-31 14:17:39.459459459,NET30,Last Mile Delivery,29154.78,0.1,2915.48,32070.26,Paid,2024-01-30 14:17:39.459459459,USD,PO-8956
INV-000003,V015,Logistics Provider 15,Last Mile Delivery,2024-01-02 04:35:18.918918918,2024-02-01 04:35:18.918918918,NET30,Cross-Border,28762.19,0.0,0.0,28762.19,Approved,,USD,PO-5653
INV-000004,V043,Logistics Provider 43,Transportation,2024-01-02 18:52:58.378378378,2024-02-16 18:52:58.378378378,NET45,Cross-Border,20869.450753421967,0.0,0.0,20869.45,Paid,2024-02-16 18:52:58.378378378,USD,PO-7411
INV-000004,V043,Logistics Provider 43,Transportation,2024-01-02 18:52:58.378378378,2024-02-16 18:52:58.378378378,NET45,Cross-Border,20161.1,0.0,0.0,20161.1,Paid,2024-02-16 18:52:58.378378378,USD,PO-7411
INV-000005,V008,Logistics Provider 8,Customs Broker,2024-01-03 09:10:37.837837837,2024-02-02 09:10:37.837837837,NET30,Air Freight,25556.5,0.05,1277.82,26834.32,Paid,2024-02-02 09:10:37.837837837,USD,PO-8878
INV-000006,V021,Logistics Provider 21,Customs Broker,2024-01-03 23:28:17.297297297,2024-02-17 23:28:17.297297297,NET45,Warehousing,20461.76,0.0,0.0,20461.76,Approved,,USD,PO-4888
INV-000007,V039,Logistics Provider 39,Warehousing,2024-01-04 13:45:56.756756756,2024-02-18 13:45:56.756756756,NET45,Air Freight,27446.9,0.1,2744.69,30191.59,Paid,2024-01-05 13:45:56.756756756,USD,PO-4872
INV-000008,V019,Logistics Provider 19,Freight Forwarder,2024-01-05 04:03:36.216216216,2024-03-05 04:03:36.216216216,NET60,Last Mile Delivery,31769.55,0.05,1588.48,33358.03,Paid,2024-02-26 04:03:36.216216216,USD,PO-1559
INV-000009,V023,Logistics Provider 23,Warehousing,2024-01-05 18:21:15.675675675,2024-04-04 18:21:15.675675675,NET90,Customs Clearance,34040.89,0.1,3404.09,37444.98,Pending,,USD,PO-5245
INV-000010,V011,Logistics Provider 11,Freight Forwarder,2024-01-06 08:38:55.135135135,2024-04-05 08:38:55.135135135,NET90,Customs Clearance,27091.58,0.05,1354.58,28446.16,Approved,,USD,PO-5423
INV-000011,V011,Logistics Provider 11,Freight Forwarder,2024-01-06 22:56:34.594594594,2024-02-20 22:56:34.594594594,NET45,Warehousing,36349.68,0.0,0.0,36349.68,Paid,2024-02-05 22:56:34.594594594,USD,PO-2312
INV-000012,V024,Logistics Provider 24,Freight Forwarder,2024-01-07 13:14:14.054054054,2024-03-07 13:14:14.054054054,NET60,Cross-Border,7922.62,0.05,396.13,8318.75,Approved,,USD,PO-6360
INV-000013,V036,Logistics Provider 36,Transportation,2024-01-08 03:31:53.513513513,2024-02-22 03:31:53.513513513,NET45,Air Freight,11387.14,0.05,569.36,11956.5,Paid,2024-02-22 03:31:53.513513513,USD,PO-8384
INV-000014,V040,Logistics Provider 40,Freight Forwarder,2024-01-08 17:49:32.972972973,2024-02-22 17:49:32.972972973,NET45,Express Delivery,41118.02,0.0,0.0,41118.02,Approved,,USD,PO-1936
INV-000015,V024,Logistics Provider 24,Freight Forwarder,2024-01-09 08:07:12.432432432,2024-02-23 08:07:12.432432432,NET45,Customs Clearance,16803.87,0.0,0.0,16803.87,Approved,,USD,PO-5537
INV-000016,V003,Logistics Provider 3,Warehousing,2024-01-09 22:24:51.891891891,2024-03-09 22:24:51.891891891,NET60,Last Mile Delivery,2121.8,0.1,212.18,2333.98,Pending,,USD,PO-9361
INV-000017,V022,Logistics Provider 22,Customs Broker,2024-01-10 12:42:31.351351351,2024-04-09 12:42:31.351351351,NET90,Sea Freight,8535.77,0.1,853.58,9389.35,Approved,,USD,PO-8729
INV-000018,V002,Logistics Provider 2,Transportation,2024-01-11 03:00:10.810810810,2024-03-11 03:00:10.810810810,NET60,Road Transport,11957.11,0.0,0.0,11957.11,Paid,2024-03-06 03:00:10.810810810,USD,PO-2938
INV-000019,V024,Logistics Provider 24,Freight Forwarder,2024-01-11 17:17:50.270270270,2024-02-10 17:17:50.270270270,NET30,Road Transport,47908.82,0.0,0.0,47908.82,Approved,,USD,PO-7116
INV-000020,V044,Logistics Provider 44,Last Mile Delivery,2024-01-12 07:35:29.729729729,2024-03-12 07:35:29.729729729,NET60,Road Transport,29079.03,0.0,0.0,29079.03,Paid,2024-03-10 07:35:29.729729729,USD,PO-4600
INV-000021,V030,Logistics Provider 30,Warehousing,2024-01-12 21:53:09.189189189,2024-03-12 21:53:09.189189189,NET60,Express Delivery,46703.81,0.05,2335.19,49039.0,Paid,2024-02-28 21:53:09.189189189,USD,PO-6363
INV-000022,V038,Logistics Provider 38,Last Mile Delivery,2024-01-13 12:10:48.648648648,2024-03-13 12:10:48.648648648,NET60,Cross-Border,29183.0,0.05,1459.15,30642.15,Paid,2024-03-05 12:10:48.648648648,USD,PO-3300
INV-000023,V002,Logistics Provider 2,Transportation,2024-01-14 02:28:28.108108108,2024-03-14 02:28:28.108108108,NET60,Air Freight,24488.37,0.05,1224.42,25712.79,Paid,2024-03-02 02:28:28.108108108,USD,PO-2872
INV-000024,V021,Logistics Provider 21,Customs Broker,2024-01-14 16:46:07.567567567,2024-04-13 16:46:07.567567567,NET90,Warehousing,16372.66,0.0,0.0,16372.66,Approved,,USD,PO-5898
INV-000025,V033,Logistics Provider 33,Customs Broker,2024-01-15 07:03:47.027027027,2024-02-14 07:03:47.027027027,NET30,Express Delivery,30712.18,0.1,3071.22,33783.4,Approved,,USD,PO-2156
INV-000026,V012,Logistics Provider 12,Last Mile Delivery,2024-01-15 21:21:26.486486486,2024-04-14 21:21:26.486486486,NET90,Express Delivery,7820.7,0.0,0.0,7820.7,Paid,2024-04-14 21:21:26.486486486,USD,PO-6219
INV-000027,V022,Logistics Provider 22,Customs Broker,2024-01-16 11:39:05.945945946,2024-04-15 11:39:05.945945946,NET90,Customs Clearance,45014.82,0.05,2250.74,47265.56,Approved,,USD,PO-8851
INV-000028,V044,Logistics Provider 44,Last Mile Delivery,2024-01-17 01:56:45.405405405,2024-03-17 01:56:45.405405405,NET60,Sea Freight,41637.29,0.05,2081.86,43719.15,Paid,2024-03-03 01:56:45.405405405,USD,PO-2838
INV-000029,V025,Logistics Provider 25,Last Mile Delivery,2024-01-17 16:14:24.864864865,2024-03-02 16:14:24.864864865,NET45,Express Delivery,16559.04,0.0,0.0,16559.04,Pending,,USD,PO-3124
INV-000030,V049,Logistics Provider 49,Transportation,2024-01-18 06:32:04.324324324,2024-03-03 06:32:04.324324324,NET45,Last Mile Delivery,47687.08,0.0,0.0,47687.08,Paid,2024-02-28 06:32:04.324324324,USD,PO-1618
INV-000031,V027,Logistics Provider 27,Transportation,2024-01-18 20:49:43.783783783,2024-04-17 20:49:43.783783783,NET90,Sea Freight,41434.84,0.05,2071.74,43506.58,Paid,2024-04-06 20:49:43.783783783,USD,PO-6746
INV-000032,V042,Logistics Provider 42,Transportation,2024-01-19 11:07:23.243243243,2024-04-18 11:07:23.243243243,NET90,Last Mile Delivery,168245.2,0.05,8412.26,176657.46,Paid,2024-04-13 11:07:23.243243243,USD,PO-5693
INV-000033,V028,Logistics Provider 28,Freight Forwarder,2024-01-20 01:25:02.702702702,2024-03-20 01:25:02.702702702,NET60,Cross-Border,6966.33,0.05,348.32,7314.65,Paid,2024-03-08 01:25:02.702702702,USD,PO-2450
INV-000034,V016,Logistics Provider 16,Warehousing,2024-01-20 15:42:42.162162162,2024-04-19 15:42:42.162162162,NET90,Air Freight,24433.47,0.0,0.0,24433.47,Paid,2024-04-10 15:42:42.162162162,USD,PO-8418
INV-000035,V015,Logistics Provider 15,Last Mile Delivery,2024-01-21 06:00:21.621621621,2024-03-21 06:00:21.621621621,NET60,Road Transport,25799.27,0.05,1289.96,27089.23,Paid,2024-03-16 06:00:21.621621621,USD,PO-8240
INV-000036,V047,Logistics Provider 47,Freight Forwarder,2024-01-21 20:18:01.081081081,2024-03-06 20:18:01.081081081,NET45,Express Delivery,12395.02,0.05,619.75,13014.77,Paid,2024-02-23 20:18:01.081081081,USD,PO-7300
INV-000037,V044,Logistics Provider 44,Last Mile Delivery,2024-01-22 10:35:40.540540540,2024-03-07 10:35:40.540540540,NET45,Air Freight,4918.3,0.1,491.83,5410.13,Pending,,USD,PO-7896
INV-000038,V003,Logistics Provider 3,Warehousing,2024-01-23 00:53:20.000000000,2024-02-22 00:53:20.000000000,NET30,Cross-Border,39059.46,0.0,0.0,39059.46,Approved,,USD,PO-1857
INV-000039,V037,Logistics Provider 37,Warehousing,2024-01-23 15:10:59.459459459,2024-03-08 15:10:59.459459459,NET45,Warehousing,6979.72,0.1,697.97,7677.69,Approved,,USD,PO-1068
INV-000040,V007,Logistics Provider 7,Freight Forwarder,2024-01-24 05:28:38.918918919,2024-04-23 05:28:38.918918919,NET90,Warehousing,30120.25,0.1,3012.02,33132.27,Rejected,,USD,PO-6231
INV-000041,V021,Logistics Provider 21,Customs Broker,2024-01-24 19:46:18.378378378,2024-03-09 19:46:18.378378378,NET45,Cross-Border,46886.01,0.05,2344.3,49230.31,Approved,,USD,PO-4852
INV-000042,V009,Logistics Provider 9,Transportation,2024-01-25 10:03:57.837837838,2024-03-25 10:03:57.837837838,NET60,Last Mile Delivery,43929.15,0.0,0.0,43929.15,Paid,2024-03-23 10:03:57.837837838,USD,PO-4815
INV-000043,V039,Logistics Provider 39,Warehousing,2024-01-26 00:21:37.297297297,2024-03-11 00:21:37.297297297,NET45,Customs Clearance,14609.88,0.05,730.49,15340.37,Paid,2024-02-27 00:21:37.297297297,USD,PO-4402
INV-000044,V018,Logistics Provider 18,Last Mile Delivery,2024-01-26 14:39:16.756756756,2024-02-25 14:39:16.756756756,NET30,Customs Clearance,42720.98,0.0,0.0,42720.98,Paid,2024-02-13 14:39:16.756756756,USD,PO-6313
INV-000045,V004,Logistics Provider 4,Transportation,2024-01-27 04:56:56.216216216,2024-03-12 04:56:56.216216216,NET45,Last Mile Delivery,1016.29,0.1,101.63,1117.92,Paid,2024-03-07 04:56:56.216216216,USD,PO-7673
INV-000046,V025,Logistics Provider 25,Last Mile Delivery,2024-01-27 19:14:35.675675675,2024-03-27 19:14:35.675675675,NET60,Warehousing,1866.7,0.0,0.0,1866.7,Approved,,USD,PO-1209
INV-000047,V014,Logistics Provider 14,Customs Broker,2024-01-28 09:32:15.135135135,2024-03-28 09:32:15.135135135,NET60,Warehousing,30525.11,0.05,1526.26,32051.37,Paid,2024-03-26 09:32:15.135135135,USD,PO-2245
INV-000048,V050,Logistics Provider 50,Transportation,2024-01-28 23:49:54.594594594,2024-04-27 23:49:54.594594594,NET90,Express Delivery,18875.11,0.05,943.76,19818.87,Paid,2024-04-25 23:49:54.594594594,USD,PO-5597
INV-000049,V009,Logistics Provider 9,Transportation,2024-01-29 14:07:34.054054054,2024-03-14 14:07:34.054054054,NET45,Warehousing,19936.58,0.05,996.83,20933.41,Approved,,USD,PO-9394
INV-000050,V026,Logistics Provider 26,Warehousing,2024-01-30 04:25:13.513513513,2024-03-30 04:25:13.513513513,NET60,Air Freight,143288.05,0.0,0.0,143288.05,Approved,,USD,PO-5675
INV-000051,V002,Logistics Provider 2,Transportation,2024-01-30 18:42:52.972972973,2024-02-29 18:42:52.972972973,NET30,Warehousing,10397.34,0.1,1039.73,11437.07,Paid,2024-02-15 18:42:52.972972973,USD,PO-1762
INV-000052,V020,Logistics Provider 20,Warehousing,2024-01-31 09:00:32.432432432,2024-04-30 09:00:32.432432432,NET90,Sea Freight,11376.01,0.1,1137.6,12513.61,Paid,2024-04-29 09:00:32.432432432,USD,PO-2523
INV-000053,V028,Logistics Provider 28,Freight Forwarder,2024-01-31 23:18:11.891891892,2024-03-01 23:18:11.891891892,NET30,Express Delivery,24745.48,0.0,0.0,24745.48,Pending,,USD,PO-1715
INV-000054,V047,Logistics Provider 47,Freight Forwarder,2024-02-01 13:35:51.351351351,2024-03-17 13:35:51.351351351,NET45,Road Transport,37958.42,0.05,1897.92,39856.34,Paid,2024-03-09 13:35:51.351351351,USD,PO-7502
INV-000055,V007,Logistics Provider 7,Freight Forwarder,2024-02-02 03:53:30.810810811,2024-03-18 03:53:30.810810811,NET45,Warehousing,31355.39,0.1,3135.54,34490.93,Paid,2024-03-18 03:53:30.810810811,USD,PO-1017
INV-000056,V044,Logistics Provider 44,Last Mile Delivery,2024-02-02 18:11:10.270270270,2024-03-18 18:11:10.270270270,NET45,Last Mile Delivery,15570.4,0.05,778.52,16348.92,Approved,,USD,PO-5771
INV-000057,V008,Logistics Provider 8,Customs Broker,2024-02-03 08:28:49.729729730,2024-05-03 08:28:49.729729730,NET90,Road Transport,22086.52,0.0,0.0,22086.52,Rejected,,USD,PO-6219
INV-000058,V047,Logistics Provider 47,Freight Forwarder,2024-02-03 22:46:29.189189189,2024-04-03 22:46:29.189189189,NET60,Air Freight,9362.57,0.05,468.13,9830.7,Paid,2024-03-25 22:46:29.189189189,USD,PO-3958
INV-000059,V035,Logistics Provider 35,Freight Forwarder,2024-02-04 13:04:08.648648648,2024-05-04 13:04:08.648648648,NET90,Last Mile Delivery,4656.86,0.1,465.69,5122.55,Paid,2024-04-21 13:04:08.648648648,USD,PO-6305
INV-000060,V014,Logistics Provider 14,Customs Broker,2024-02-05 03:21:48.108108108,2024-03-06 03:21:48.108108108,NET30,Road Transport,38137.71185110737,0.1,3813.77,41951.48,Paid,2024-02-21 03:21:48.108108108,USD,PO-2346
INV-000060,V014,Logistics Provider 14,Customs Broker,2024-02-05 03:21:48.108108108,2024-03-06 03:21:48.108108108,NET30,Road Transport,39352.11,0.1,3935.21,43287.32,Paid,2024-02-21 03:21:48.108108108,USD,PO-2346
INV-000061,V017,Logistics Provider 17,Freight Forwarder,2024-02-05 17:39:27.567567567,2024-05-05 17:39:27.567567567,NET90,Last Mile Delivery,14003.98,0.05,700.2,14704.18,Pending,,USD,PO-6660
INV-000062,V036,Logistics Provider 36,Transportation,2024-02-06 07:57:07.027027027,2024-03-07 07:57:07.027027027,NET30,Air Freight,9710.55,0.0,0.0,9710.55,Approved,,USD,PO-4028
INV-000063,V050,Logistics Provider 50,Transportation,2024-02-06 22:14:46.486486486,2024-05-06 22:14:46.486486486,NET90,Express Delivery,34889.28,0.05,1744.46,36633.74,Approved,,USD,PO-8177
INV-000064,V040,Logistics Provider 40,Freight Forwarder,2024-02-07 12:32:25.945945946,2024-04-07 12:32:25.945945946,NET60,Sea Freight,31284.53,0.0,0.0,31284.53,Approved,,USD,PO-2512
INV-000065,V004,Logistics Provider 4,Transportation,2024-02-08 02:50:05.405405405,2024-03-09 02:50:05.405405405,NET30,Air Freight,32026.29,0.05,1601.31,33627.6,Approved,,USD,PO-3589
INV-000066,V002,Logistics Provider 2,Transportation,2024-02-08 17:07:44.864864865,2024-03-24 17:07:44.864864865,NET45,Air Freight,12215.84,0.1,1221.58,13437.42,Paid,2024-03-22 17:07:44.864864865,USD,PO-5286
INV-000067,V006,Logistics Provider 6,Last Mile Delivery,2024-02-09 07:25:24.324324324,2024-03-25 07:25:24.324324324,NET45,Last Mile Delivery,12399.63,0.0,0.0,12399.63,Paid,2024-03-25 07:25:24.324324324,USD,PO-1219
INV-000068,V042,Logistics Provider 42,Transportation,2024-02-09 21:43:03.783783784,2024-05-09 21:43:03.783783784,NET90,Express Delivery,11819.33,0.0,0.0,11819.33,Paid,2024-05-05 21:43:03.783783784,USD,PO-1355
INV-000069,V004,Logistics Provider 4,Transportation,2024-02-10 12:00:43.243243243,2024-03-26 12:00:43.243243243,NET45,Cross-Border,9513.88,0.0,0.0,9513.88,Paid,2024-03-11 12:00:43.243243243,USD,PO-9260
INV-000070,V029,Logistics Provider 29,Customs Broker,2024-02-11 02:18:22.702702703,2024-03-12 02:18:22.702702703,NET30,Customs Clearance,33130.46,0.1,3313.05,36443.51,Paid,2024-03-04 02:18:22.702702703,USD,PO-4348
INV-000071,V018,Logistics Provider 18,Last Mile Delivery,2024-02-11 16:36:02.162162162,2024-03-27 16:36:02.162162162,NET45,Warehousing,42552.78,0.05,2127.64,44680.42,Approved,,USD,PO-7021
INV-000072,V026,Logistics Provider 26,Warehousing,2024-02-12 06:53:41.621621621,2024-04-12 06:53:41.621621621,NET60,Warehousing,36491.56,0.1,3649.16,40140.72,Approved,,USD,PO-8441
INV-000073,V044,Logistics Provider 44,Last Mile Delivery,2024-02-12 21:11:21.081081081,2024-04-12 21:11:21.081081081,NET60,Sea Freight,39812.59,0.0,0.0,39812.59,Paid,2024-03-28 21:11:21.081081081,USD,PO-5072
INV-000074,V034,Logistics Provider 34,Warehousing,2024-02-13 11:29:00.540540540,2024-05-13 11:29:00.540540540,NET90,Sea Freight,20835.12,0.05,1041.76,21876.88,Paid,2024-05-10 11:29:00.540540540,USD,PO-2440
INV-000075,V010,Logistics Provider 10,Last Mile Delivery,2024-02-14 01:46:40.000000000,2024-03-15 01:46:40.000000000,NET30,Warehousing,33049.71,0.1,3304.97,36354.68,Approved,,USD,PO-2774
INV-000076,V036,Logistics Provider 36,Transportation,2024-02-14 16:04:19.459459459,2024-04-14 16:04:19.459459459,NET60,Customs Clearance,18357.58,0.0,0.0,18357.58,Paid,2024-04-06 16:04:19.459459459,USD,PO-9802
INV-000077,V014,Logistics Provider 14,Customs Broker,2024-02-15 06:21:58.918918919,2024-04-15 06:21:58.918918919,NET60,Warehousing,26749.73,0.0,0.0,26749.73,Pending,,USD,PO-2496
INV-000078,V031,Logistics Provider 31,Customs Broker,2024-02-15 20:39:38.378378378,2024-03-16 20:39:38.378378378,NET30,Cross-Border,24600.11,0.1,2460.01,27060.12,Paid,2024-03-08 20:39:38.378378378,USD,PO-1977
INV-000079,V048,Logistics Provider 48,Customs Broker,2024-02-16 10:57:17.837837838,2024-04-01 10:57:17.837837838,NET45,Customs Clearance,9667.47,0.1,966.75,10634.22,Paid,2024-03-27 10:57:17.837837838,USD,PO-1934
INV-000080,V015,Logistics Provider 15,Last Mile Delivery,2024-02-17 01:14:57.297297297,2024-04-02 01:14:57.297297297,NET45,Sea Freight,19966.86,0.1,1996.69,21963.55,Paid,2024-04-02 01:14:57.297297297,USD,PO-4233
INV-000081,V008,Logistics Provider 8,Customs Broker,2024-02-17 15:32:36.756756757,2024-05-17 15:32:36.756756757,NET90,Road Transport,48227.29,0.0,0.0,48227.29,Rejected,,USD,PO-2762
INV-000082,V014,Logistics Provider 14,Customs Broker,2024-02-18 05:50:16.216216216,2024-04-03 05:50:16.216216216,NET45,Last Mile Delivery,13180.43,0.1,1318.04,14498.47,Paid,2024-04-02 05:50:16.216216216,USD,PO-8417
INV-000083,V023,Logistics Provider 23,Warehousing,2024-02-18 20:07:55.675675676,2024-03-19 20:07:55.675675676,NET30,Cross-Border,7556.38,0.0,0.0,7556.38,Rejected,,USD,PO-7755
INV-000084,V040,Logistics Provider 40,Freight Forwarder,2024-02-19 10:25:35.135135135,2024-04-19 10:25:35.135135135,NET60,Cross-Border,21510.45,0.1,2151.04,23661.49,Rejected,,USD,PO-1349
INV-000085,V021,Logistics Provider 21,Customs Broker,2024-02-20 00:43:14.594594594,2024-04-05 00:43:14.594594594,NET45,Express Delivery,39726.55,0.0,0.0,39726.55,Paid,2024-03-30 00:43:14.594594594,USD,PO-7362
INV-000086,V016,Logistics Provider 16,Warehousing,2024-02-20 15:00:54.054054054,2024-05-20 15:00:54.054054054,NET90,Sea Freight,29525.26,0.0,0.0,29525.26,Paid,2024-05-15 15:00:54.054054054,USD,PO-1619
INV-000087,V045,Logistics Provider 45,Customs Broker,2024-02-21 05:18:33.513513513,2024-04-06 05:18:33.513513513,NET45,Sea Freight,34367.77,0.05,1718.39,36086.16,Pending,,USD,PO-6914
INV-000088,V018,Logistics Provider 18,Last Mile Delivery,2024-02-21 19:36:12.972972973,2024-03-22 19:36:12.972972973,NET30,Air Freight,10295.05,0.1,1029.5,11324.55,Approved,,USD,PO-7114
INV-000089,V047,Logistics Provider 47,Freight Forwarder,2024-02-22 09:53:52.432432433,2024-05-22 09:53:52.432432433,NET90,Cross-Border,31328.46,0.1,3132.85,34461.31,Paid,2024-05-22 09:53:52.432432433,USD,PO-2060
INV-000090,V024,Logistics Provider 24,Freight Forwarder,2024-02-23 00:11:31.891891892,2024-04-08 00:11:31.891891892,NET45,Air Freight,16851.52,0.0,0.0,16851.52,Approved,,USD,PO-5378
INV-000091,V026,Logistics Provider 26,Warehousing,2024-02-23 14:29:11.351351351,2024-05-23 14:29:11.351351351,NET90,Air Freight,41880.86,0.0,0.0,41880.86,Approved,,USD,PO-7962
INV-000092,V025,Logistics Provider 25,Last Mile Delivery,2024-02-24 04:46:50.810810811,2024-03-25 04:46:50.810810811,NET30,Last Mile Delivery,31835.64,0.0,0.0,31835.64,Rejected,,USD,PO-5939
INV-000093,V045,Logistics Provider 45,Customs Broker,2024-02-24 19:04:30.270270270,2024-04-24 19:04:30.270270270,NET60,Air Freight,10743.96,0.05,537.2,11281.16,Paid,2024-04-21 19:04:30.270270270,USD,PO-8182
INV-000094,V041,Logistics Provider 41,Warehousing,2024-02-25 09:22:09.729729730,2024-03-26 09:22:09.729729730,NET30,Customs Clearance,4166.22,0.05,208.31,4374.53,Paid,2024-03-16 09:22:09.729729730,USD,PO-9559
INV-000095,V029,Logistics Provider 29,Customs Broker,2024-02-25 23:39:49.189189189,2024-03-26 23:39:49.189189189,NET30,Warehousing,3089.03,0.0,0.0,3089.03,Approved,,USD,PO-7147
INV-000096,V015,Logistics Provider 15,Last Mile Delivery,2024-02-26 13:57:28.648648649,2024-03-27 13:57:28.648648649,NET30,Road Transport,19199.02,0.1,1919.9,21118.92,Pending,,USD,PO-5861
INV-000097,V045,Logistics Provider 45,Customs Broker,2024-02-27 04:15:08.108108108,2024-03-28 04:15:08.108108108,NET30,Sea Freight,14026.71,0.1,1402.67,15429.38,Pending,,USD,PO-4153
INV-000098,V001,Logistics Provider 1,Last Mile Delivery,2024-02-27 18:32:47.567567568,2024-04-27 18:32:47.567567568,NET60,Customs Clearance,32658.42,0.05,1632.92,34291.34,Approved,,USD,PO-6835
INV-000099,V025,Logistics Provider 25,Last Mile Delivery,2024-02-28 08:50:27.027027027,2024-04-28 08:50:27.027027027,NET60,Road Transport,25467.36,0.05,1273.37,26740.73,Pending,,USD,PO-2457
INV-000100,V007,Logistics Provider 7,Freight Forwarder,2024-02-28 23:08:06.486486487,2024-05-28 23:08:06.486486487,NET90,Cross-Border,14034.94,0.0,0.0,14034.94,Pending,,USD,PO-1356
INV-000101,V009,Logistics Provider 9,Transportation,2024-02-29 13:25:45.945945946,2024-04-14 13:25:45.945945946,NET45,Cross-Border,8312.65,0.1,831.26,9143.91,Rejected,,USD,PO-3294
INV-000102,V024,Logistics Provider 24,Freight Forwarder,2024-03-01 03:43:25.405405406,2024-04-30 03:43:25.405405406,NET60,Cross-Border,7232.79,0.0,0.0,7232.79,Paid,2024-04-18 03:43:25.405405406,USD,PO-3620
INV-000103,V001,Logistics Provider 1,Last Mile Delivery,2024-03-01 18:01:04.864864865,2024-04-30 18:01:04.864864865,NET60,Customs Clearance,43368.36,0.05,2168.42,45536.78,Approved,,USD,PO-1424
INV-000104,V044,Logistics Provider 44,Last Mile Delivery,2024-03-02 08:18:44.324324324,2024-04-16 08:18:44.324324324,NET45,Customs Clearance,12840.104687932057,0.1,1284.01,14124.11,Pending,,USD,PO-3124
INV-000104,V044,Logistics Provider 44,Last Mile Delivery,2024-03-02 08:18:44.324324324,2024-04-16 08:18:44.324324324,NET45,Customs Clearance,64652.1,0.1,6465.21,71117.31,Pending,,USD,PO-3124
INV-000105,V008,Logistics Provider 8,Customs Broker,2024-03-02 22:36:23.783783784,2024-05-01 22:36:23.783783784,NET60,Sea Freight,32933.82,0.1,3293.38,36227.2,Paid,2024-04-28 22:36:23.783783784,USD,PO-2640
INV-000106,V024,Logistics Provider 24,Freight Forwarder,2024-03-03 12:54:03.243243243,2024-04-02 12:54:03.243243243,NET30,Warehousing,40723.61,0.05,2036.18,42759.79,Pending,,USD,PO-4710
INV-000107,V011,Logistics Provider 11,Freight Forwarder,2024-03-04 03:11:42.702702703,2024-04-03 03:11:42.702702703,NET30,Express Delivery,31089.98,0.0,0.0,31089.98,Rejected,,USD,PO-7426
INV-000108,V017,Logistics Provider 17,Freight Forwarder,2024-03-04 17:29:22.162162162,2024-04-18 17:29:22.162162162,NET45,Air Freight,43118.7,0.0,0.0,43118.7,Approved,,USD,PO-9492
INV-000109,V008,Logistics Provider 8,Customs Broker,2024-03-05 07:47:01.621621622,2024-06-03 07:47:01.621621622,NET90,Cross-Border,20227.29,0.1,2022.73,22250.02,Approved,,USD,PO-2722
INV-000110,V035,Logistics Provider 35,Freight Forwarder,2024-03-05 22:04:41.081081081,2024-06-03 22:04:41.081081081,NET90,Last Mile Delivery,47854.89,0.05,2392.74,50247.63,Approved,,USD,PO-7466
INV-000111,V035,Logistics Provider 35,Freight Forwarder,2024-03-06 12:22:20.540540541,2024-04-20 12:22:20.540540541,NET45,Warehousing,7524.11,0.1,752.41,8276.52,Pending,,USD,PO-6584
INV-000112,V033,Logistics Provider 33,Customs Broker,2024-03-07 02:40:00.000000000,2024-04-21 02:40:00.000000000,NET45,Last Mile Delivery,6005.33,0.05,300.27,6305.6,Paid,2024-03-08 02:40:00,USD,PO-6734
INV-000113,V005,Logistics Provider 5,Warehousing,2024-03-07 16:57:39.459459460,2024-04-06 16:57:39.459459460,NET30,Sea Freight,33275.92,0.0,0.0,33275.92,Paid,2024-03-27 16:57:39.459459460,USD,PO-5977
INV-000114,V042,Logistics Provider 42,Transportation,2024-03-08 07:15:18.918918919,2024-06-06 07:15:18.918918919,NET90,Sea Freight,47198.73,0.05,2359.94,49558.67,Paid,2024-05-28 07:15:18.918918919,USD,PO-4630
INV-000115,V039,Logistics Provider 39,Warehousing,2024-03-08 21:32:58.378378379,2024-05-07 21:32:58.378378379,NET60,Sea Freight,40635.29,0.0,0.0,40635.29,Pending,,USD,PO-8424
INV-000116,V041,Logistics Provider 41,Warehousing,2024-03-09 11:50:37.837837838,2024-04-08 11:50:37.837837838,NET30,Road Transport,4744.43,0.05,237.22,4981.65,Paid,2024-04-03 11:50:37.837837838,USD,PO-7748
INV-000117,V028,Logistics Provider 28,Freight Forwarder,2024-03-10 02:08:17.297297297,2024-04-24 02:08:17.297297297,NET45,Last Mile Delivery,14689.02,0.1,1468.9,16157.92,Paid,2024-04-23 02:08:17.297297297,USD,PO-7134
INV-000118,V007,Logistics Provider 7,Freight Forwarder,2024-03-10 16:25:56.756756757,2024-06-08 16:25:56.756756757,NET90,Warehousing,46585.63,0.0,0.0,46585.63,Paid,2024-06-05 16:25:56.756756757,USD,PO-2497
INV-000119,V009,Logistics Provider 9,Transportation,2024-03-11 06:43:36.216216216,2024-05-10 06:43:36.216216216,NET60,Express Delivery,13399.86,0.1,1339.99,14739.85,Approved,,USD,PO-6914
INV-000120,V008,Logistics Provider 8,Customs Broker,2024-03-11 21:01:15.675675676,2024-05-10 21:01:15.675675676,NET60,Warehousing,39277.35,0.1,3927.74,43205.09,Approved,,USD,PO-7129
INV-000121,V012,Logistics Provider 12,Last Mile Delivery,2024-03-12 11:18:55.135135135,2024-04-11 11:18:55.135135135,NET30,Customs Clearance,41431.48,0.0,0.0,41431.48,Paid,2024-04-02 11:18:55.135135135,USD,PO-5001
INV-000122,V034,Logistics Provider 34,Warehousing,2024-03-13 01:36:34.594594595,2024-06-11 01:36:34.594594595,NET90,Customs Clearance,25277.15,0.0,0.0,25277.15,Paid,2024-05-28 01:36:34.594594595,USD,PO-2616
INV-000123,V033,Logistics Provider 33,Customs Broker,2024-03-13 15:54:14.054054054,2024-06-11 15:54:14.054054054,NET90,Cross-Border,19931.1,0.1,1993.11,21924.21,Approved,,USD,PO-2605
INV-000124,V048,Logistics Provider 48,Customs Broker,2024-03-14 06:11:53.513513514,2024-04-28 06:11:53.513513514,NET45,Express Delivery,23056.1,0.1,2305.61,25361.71,Approved,,USD,PO-1229
INV-000125,V023,Logistics Provider 23,Warehousing,2024-03-14 20:29:32.972972973,2024-06-12 20:29:32.972972973,NET90,Customs Clearance,12121.27,0.1,1212.13,13333.4,Approved,,USD,PO-9546
INV-000126,V024,Logistics Provider 24,Freight Forwarder,2024-03-15 10:47:12.432432433,2024-06-13 10:47:12.432432433,NET90,Sea Freight,44580.15,0.1,4458.02,49038.17,Paid,2024-06-09 10:47:12.432432433,USD,PO-8344
INV-000127,V037,Logistics Provider 37,Warehousing,2024-03-16 01:04:51.891891892,2024-04-15 01:04:51.891891892,NET30,Warehousing,23080.36,0.0,0.0,23080.36,Approved,,USD,PO-6452
INV-000128,V035,Logistics Provider 35,Freight Forwarder,2024-03-16 15:22:31.351351352,2024-06-14 15:22:31.351351352,NET90,Last Mile Delivery,44240.51,0.0,0.0,44240.51,Rejected,,USD,PO-7107
INV-000129,V044,Logistics Provider 44,Last Mile Delivery,2024-03-17 05:40:10.810810811,2024-05-16 05:40:10.810810811,NET60,Sea Freight,6178.98,0.1,617.9,6796.88,Paid,2024-05-13 05:40:10.810810811,USD,PO-2367
INV-000130,V040,Logistics Provider 40,Freight Forwarder,2024-03-17 19:57:50.270270270,2024-04-16 19:57:50.270270270,NET30,Road Transport,49425.49,0.05,2471.27,51896.76,Rejected,,USD,PO-5034
INV-000131,V022,Logistics Provider 22,Customs Broker,2024-03-18 10:15:29.729729730,2024-04-17 10:15:29.729729730,NET30,Customs Clearance,22720.38,0.05,1136.02,23856.4,Paid,2024-04-05 10:15:29.729729730,USD,PO-9082
INV-000132,V027,Logistics Provider 27,Transportation,2024-03-19 00:33:09.189189189,2024-05-03 00:33:09.189189189,NET45,Sea Freight,3343.71,0.0,0.0,3343.71,Approved,,USD,PO-7197
INV-000133,V035,Logistics Provider 35,Freight Forwarder,2024-03-19 14:50:48.648648649,2024-06-17 14:50:48.648648649,NET90,Sea Freight,2863.07,0.1,286.31,3149.38,Paid,2024-06-13 14:50:48.648648649,USD,PO-1788
INV-000134,V001,Logistics Provider 1,Last Mile Delivery,2024-03-20 05:08:28.108108108,2024-05-04 05:08:28.108108108,NET45,Road Transport,37564.16,0.1,3756.42,41320.58,Pending,,USD,PO-7440
INV-000135,V035,Logistics Provider 35,Freight Forwarder,2024-03-20 19:26:07.567567568,2024-05-19 19:26:07.567567568,NET60,Air Freight,33292.74,0.0,0.0,33292.74,Rejected,,USD,PO-5273
INV-000136,V037,Logistics Provider 37,Warehousing,2024-03-21 09:43:47.027027027,2024-04-20 09:43:47.027027027,NET30,Warehousing,40304.4,0.05,2015.22,42319.62,Paid,2024-04-05 09:43:47.027027027,USD,PO-8893
INV-000137,V047,Logistics Provider 47,Freight Forwarder,2024-03-22 00:01:26.486486487,2024-04-21 00:01:26.486486487,NET30,Last Mile Delivery,6163.01,0.05,308.15,6471.16,Pending,,USD,PO-9474
INV-000138,V014,Logistics Provider 14,Customs Broker,2024-03-22 14:19:05.945945946,2024-04-21 14:19:05.945945946,NET30,Cross-Border,2742.97,0.05,137.15,2880.12,Paid,2024-04-08 14:19:05.945945946,USD,PO-8212
INV-000139,V003,Logistics Provider 3,Warehousing,2024-03-23 04:36:45.405405406,2024-05-22 04:36:45.405405406,NET60,Air Freight,25920.39,0.0,0.0,25920.39,Rejected,,USD,PO-5144
INV-000140,V001,Logistics Provider 1,Last Mile Delivery,2024-03-23 18:54:24.864864865,2024-05-22 18:54:24.864864865,NET60,Customs Clearance,19992.17,0.05,999.61,20991.78,Pending,,USD,PO-3760
INV-000141,V005,Logistics Provider 5,Warehousing,2024-03-24 09:12:04.324324325,2024-05-08 09:12:04.324324325,NET45,Sea Freight,23635.4,0.0,0.0,23635.4,Paid,2024-05-01 09:12:04.324324325,USD,PO-6192
INV-000142,V026,Logistics Provider 26,Warehousing,2024-03-24 23:29:43.783783784,2024-05-08 23:29:43.783783784,NET45,Express Delivery,49587.83,0.0,0.0,49587.83,Paid,2024-04-29 23:29:43.783783784,USD,PO-3988
INV-000143,V014,Logistics Provider 14,Customs Broker,2024-03-25 13:47:23.243243243,2024-05-09 13:47:23.243243243,NET45,Road Transport,48566.75,0.1,4856.68,53423.43,Paid,2024-04-25 13:47:23.243243243,USD,PO-9058
INV-000144,V039,Logistics Provider 39,Warehousing,2024-03-26 04:05:02.702702703,2024-06-24 04:05:02.702702703,NET90,Road Transport,47173.45,0.05,2358.67,49532.12,Approved,,USD,PO-3925
INV-000145,V027,Logistics Provider 27,Transportation,2024-03-26 18:22:42.162162162,2024-04-25 18:22:42.162162162,NET30,Express Delivery,39408.29,0.0,0.0,39408.29,Approved,,USD,PO-5730
INV-000146,V009,Logistics Provider 9,Transportation,2024-03-27 08:40:21.621621622,2024-04-26 08:40:21.621621622,NET30,Warehousing,18387.23,0.05,919.36,19306.59,Pending,,USD,PO-8741
INV-000147,V015,Logistics Provider 15,Last Mile Delivery,2024-03-27 22:58:01.081081081,2024-05-11 22:58:01.081081081,NET45,Air Freight,21194.42,0.05,1059.72,22254.14,Paid,2024-05-03 22:58:01.081081081,USD,PO-7823
INV-000148,V015,Logistics Provider 15,Last Mile Delivery,2024-03-28 13:15:40.540540541,2024-04-27 13:15:40.540540541,NET30,Cross-Border,27931.19,0.1,2793.12,30724.31,Approved,,USD,PO-4926
INV-000149,V026,Logistics Provider 26,Warehousing,2024-03-29 03:33:20.000000000,2024-05-13 03:33:20.000000000,NET45,Warehousing,41696.19,0.05,2084.81,43781.0,Rejected,,USD,PO-1445
INV-000150,V042,Logistics Provider 42,Transportation,2024-03-29 17:50:59.459459460,2024-06-27 17:50:59.459459460,NET90,Express Delivery,4366.93,0.1,436.69,4803.62,Pending,,USD,PO-9935
INV-000151,V013,Logistics Provider 13,Transportation,2024-03-30 08:08:38.918918919,2024-06-28 08:08:38.918918919,NET90,Sea Freight,21790.55,0.0,0.0,21790.55,Paid,2024-06-21 08:08:38.918918919,USD,PO-1637
INV-000152,V032,Logistics Provider 32,Freight Forwarder,2024-03-30 22:26:18.378378379,2024-05-29 22:26:18.378378379,NET60,Express Delivery,5048.27,0.05,252.41,5300.68,Pending,,USD,PO-7335
INV-000153,V039,Logistics Provider 39,Warehousing,2024-03-31 12:43:57.837837838,2024-06-29 12:43:57.837837838,NET90,Warehousing,26218.22,0.0,0.0,26218.22,Pending,,USD,PO-7907
INV-000154,V049,Logistics Provider 49,Transportation,2024-04-01 03:01:37.297297298,2024-05-16 03:01:37.297297298,NET45,Last Mile Delivery,45046.14,0.05,2252.31,47298.45,Approved,,USD,PO-7593
INV-000155,V032,Logistics Provider 32,Freight Forwarder,2024-04-01 17:19:16.756756757,2024-06-30 17:19:16.756756757,NET90,Road Transport,39341.76,0.0,0.0,39341.76,Approved,,USD,PO-8426
INV-000156,V004,Logistics Provider 4,Transportation,2024-04-02 07:36:56.216216216,2024-06-01 07:36:56.216216216,NET60,Road Transport,12164.28,0.05,608.21,12772.49,Paid,2024-05-31 07:36:56.216216216,USD,PO-4515
INV-000157,V030,Logistics Provider 30,Warehousing,2024-04-02 21:54:35.675675676,2024-05-02 21:54:35.675675676,NET30,Customs Clearance,48823.55,0.05,2441.18,51264.73,Rejected,,USD,PO-5649
INV-000158,V037,Logistics Provider 37,Warehousing,2024-04-03 12:12:15.135135135,2024-05-18 12:12:15.135135135,NET45,Customs Clearance,33700.17,0.05,1685.01,35385.18,Paid,2024-05-18 12:12:15.135135135,USD,PO-8334
INV-000159,V023,Logistics Provider 23,Warehousing,2024-04-04 02:29:54.594594595,2024-05-04 02:29:54.594594595,NET30,Express Delivery,1510.96,0.05,75.55,1586.51,Rejected,,USD,PO-6649
INV-000160,V039,Logistics Provider 39,Warehousing,2024-04-04 16:47:34.054054054,2024-06-03 16:47:34.054054054,NET60,Cross-Border,13515.26,0.05,675.76,14191.02,Paid,2024-05-28 16:47:34.054054054,USD,PO-3246
INV-000161,V045,Logistics Provider 45,Customs Broker,2024-04-05 07:05:13.513513514,2024-06-04 07:05:13.513513514,NET60,Sea Freight,13774.95,0.05,688.75,14463.7,Paid,2024-06-01 07:05:13.513513514,USD,PO-1823
INV-000162,V015,Logistics Provider 15,Last Mile Delivery,2024-04-05 21:22:52.972972973,2024-06-04 21:22:52.972972973,NET60,Last Mile Delivery,4393.46,0.05,219.67,4613.13,Paid,2024-05-22 21:22:52.972972973,USD,PO-8917
INV-000163,V043,Logistics Provider 43,Transportation,2024-04-06 11:40:32.432432433,2024-05-06 11:40:32.432432433,NET30,Air Freight,48031.5,0.05,2401.58,50433.08,Paid,2024-05-06 11:40:32.432432433,USD,PO-9551
INV-000164,V029,Logistics Provider 29,Customs Broker,2024-04-07 01:58:11.891891892,2024-05-07 01:58:11.891891892,NET30,Warehousing,24434.51,0.05,1221.73,25656.24,Pending,,USD,PO-4729
INV-000165,V036,Logistics Provider 36,Transportation,2024-04-07 16:15:51.351351352,2024-05-07 16:15:51.351351352,NET30,Cross-Border,44894.92,0.0,0.0,44894.92,Paid,2024-04-27 16:15:51.351351352,USD,PO-3925
INV-000166,V013,Logistics Provider 13,Transportation,2024-04-08 06:33:30.810810811,2024-05-08 06:33:30.810810811,NET30,Sea Freight,16788.56,0.1,1678.86,18467.42,Pending,,USD,PO-1272
INV-000167,V032,Logistics Provider 32,Freight Forwarder,2024-04-08 20:51:10.270270271,2024-06-07 20:51:10.270270271,NET60,Customs Clearance,7136.44,0.05,356.82,7493.26,Paid,2024-05-29 20:51:10.270270271,USD,PO-2245
INV-000168,V007,Logistics Provider 7,Freight Forwarder,2024-04-09 11:08:49.729729730,2024-06-08 11:08:49.729729730,NET60,Express Delivery,24242.47,0.1,2424.25,26666.72,Paid,2024-06-07 11:08:49.729729730,USD,PO-1412
INV-000169,V022,Logistics Provider 22,Customs Broker,2024-04-10 01:26:29.189189189,2024-05-25 01:26:29.189189189,NET45,Warehousing,6583.88,0.05,329.19,6913.07,Pending,,USD,PO-8939
INV-000170,V028,Logistics Provider 28,Freight Forwarder,2024-04-10 15:44:08.648648649,2024-05-25 15:44:08.648648649,NET45,Customs Clearance,24814.76,0.05,1240.74,26055.5,Approved,,USD,PO-6047
INV-000171,V002,Logistics Provider 2,Transportation,2024-04-11 06:01:48.108108108,2024-05-11 06:01:48.108108108,NET30,Express Delivery,46094.56,0.0,0.0,46094.56,Rejected,,USD,PO-1899
INV-000172,V042,Logistics Provider 42,Transportation,2024-04-11 20:19:27.567567568,2024-07-10 20:19:27.567567568,NET90,Warehousing,26517.64,0.0,0.0,26517.64,Paid,2024-07-05 20:19:27.567567568,USD,PO-7427
INV-000173,V045,Logistics Provider 45,Customs Broker,2024-04-12 10:37:07.027027027,2024-07-11 10:37:07.027027027,NET90,Air Freight,31208.49,0.1,3120.85,34329.34,Approved,,USD,PO-6239
INV-000174,V006,Logistics Provider 6,Last Mile Delivery,2024-04-13 00:54:46.486486487,2024-06-12 00:54:46.486486487,NET60,Sea Freight,8675.28,0.0,0.0,8675.28,Paid,2024-06-11 00:54:46.486486487,USD,PO-3242
INV-000175,V028,Logistics Provider 28,Freight Forwarder,2024-04-13 15:12:25.945945946,2024-06-12 15:12:25.945945946,NET60,Warehousing,3143.05,0.0,0.0,3143.05,Paid,2024-05-28 15:12:25.945945946,USD,PO-7373
INV-000176,V028,Logistics Provider 28,Freight Forwarder,2024-04-14 05:30:05.405405406,2024-06-13 05:30:05.405405406,NET60,Last Mile Delivery,6429.59,0.1,642.96,7072.55,Paid,2024-06-03 05:30:05.405405406,USD,PO-1851
INV-000177,V044,Logistics Provider 44,Last Mile Delivery,2024-04-14 19:47:44.864864866,2024-05-29 19:47:44.864864866,NET45,Cross-Border,30328.05,0.0,0.0,30328.05,Rejected,,USD,PO-4679
INV-000178,V044,Logistics Provider 44,Last Mile Delivery,2024-04-15 10:05:24.324324324,2024-05-30 10:05:24.324324324,NET45,Road Transport,5655.57,0.05,282.78,5938.35,Paid,2024-05-21 10:05:24.324324324,USD,PO-9806
INV-000179,V020,Logistics Provider 20,Warehousing,2024-04-16 00:23:03.783783784,2024-06-15 00:23:03.783783784,NET60,Last Mile Delivery,19423.65,0.1,1942.37,21366.02,Approved,,USD,PO-4390
INV-000180,V030,Logistics Provider 30,Warehousing,2024-04-16 14:40:43.243243244,2024-06-15 14:40:43.243243244,NET60,Last Mile Delivery,27954.51,0.1,2795.45,30749.96,Paid,2024-06-15 14:40:43.243243244,USD,PO-6406
INV-000181,V011,Logistics Provider 11,Freight Forwarder,2024-04-17 04:58:22.702702702,2024-06-16 04:58:22.702702702,NET60,Cross-Border,20043.99,0.05,1002.2,21046.19,Paid,2024-06-15 04:58:22.702702702,USD,PO-1161
INV-000182,V028,Logistics Provider 28,Freight Forwarder,2024-04-17 19:16:02.162162162,2024-07-16 19:16:02.162162162,NET90,Road Transport,9020.51,0.0,0.0,9020.51,Pending,,USD,PO-3049
INV-000183,V025,Logistics Provider 25,Last Mile Delivery,2024-04-18 09:33:41.621621622,2024-06-02 09:33:41.621621622,NET45,Last Mile Delivery,14415.77,0.1,1441.58,15857.35,Approved,,USD,PO-6750
INV-000184,V039,Logistics Provider 39,Warehousing,2024-04-18 23:51:21.081081082,2024-07-17 23:51:21.081081082,NET90,Warehousing,46487.56,0.1,4648.76,51136.32,Approved,,USD,PO-4068
INV-000185,V033,Logistics Provider 33,Customs Broker,2024-04-19 14:09:00.540540540,2024-07-18 14:09:00.540540540,NET90,Warehousing,34123.13,0.05,1706.16,35829.29,Paid,2024-07-09 14:09:00.540540540,USD,PO-6863
INV-000186,V001,Logistics Provider 1,Last Mile Delivery,2024-04-20 04:26:40.000000000,2024-06-19 04:26:40.000000000,NET60,Warehousing,25306.34,0.05,1265.32,26571.66,Paid,2024-06-17 04:26:40,USD,PO-1792
INV-000187,V027,Logistics Provider 27,Transportation,2024-04-20 18:44:19.459459460,2024-06-19 18:44:19.459459460,NET60,Road Transport,1623.03,0.0,0.0,1623.03,Paid,2024-06-08 18:44:19.459459460,USD,PO-2111
INV-000188,V013,Logistics Provider 13,Transportation,2024-04-21 09:01:58.918918920,2024-05-21 09:01:58.918918920,NET30,Last Mile Delivery,49628.35,0.1,4962.84,54591.19,Rejected,,USD,PO-3012
INV-000189,V041,Logistics Provider 41,Warehousing,2024-04-21 23:19:38.378378378,2024-05-21 23:19:38.378378378,NET30,Express Delivery,33901.29,0.0,0.0,33901.29,Paid,2024-05-18 23:19:38.378378378,USD,PO-7211
INV-000190,V003,Logistics Provider 3,Warehousing,2024-04-22 13:37:17.837837838,2024-07-21 13:37:17.837837838,NET90,Road Transport,16529.2,0.0,0.0,16529.2,Pending,,USD,PO-4064
INV-000191,V039,Logistics Provider 39,Warehousing,2024-04-23 03:54:57.297297298,2024-06-07 03:54:57.297297298,NET45,Warehousing,44084.16,0.05,2204.21,46288.37,Approved,,USD,PO-7913
INV-000192,V006,Logistics Provider 6,Last Mile Delivery,2024-04-23 18:12:36.756756758,2024-06-22 18:12:36.756756758,NET60,Cross-Border,13663.15,0.1,1366.32,15029.47,Approved,,USD,PO-5959
INV-000193,V008,Logistics Provider 8,Customs Broker,2024-04-24 08:30:16.216216216,2024-06-23 08:30:16.216216216,NET60,Last Mile Delivery,27656.81,0.1,2765.68,30422.49,Approved,,USD,PO-1906
INV-000194,V027,Logistics Provider 27,Transportation,2024-04-24 22:47:55.675675676,2024-07-23 22:47:55.675675676,NET90,Last Mile Delivery,32167.47,0.1,3216.75,35384.22,Paid,2024-07-08 22:47:55.675675676,USD,PO-4097
INV-000195,V009,Logistics Provider 9,Transportation,2024-04-25 13:05:35.135135136,2024-05-25 13:05:35.135135136,NET30,Customs Clearance,11832.11,0.05,591.61,12423.72,Paid,2024-05-18 13:05:35.135135136,USD,PO-9947
INV-000196,V037,Logistics Provider 37,Warehousing,2024-04-26 03:23:14.594594594,2024-06-10 03:23:14.594594594,NET45,Customs Clearance,48941.47,0.05,2447.07,51388.54,Approved,,USD,PO-3778
INV-000197,V033,Logistics Provider 33,Customs Broker,2024-04-26 17:40:54.054054054,2024-05-26 17:40:54.054054054,NET30,Air Freight,37661.4,0.05,1883.07,39544.47,Paid,2024-05-11 17:40:54.054054054,USD,PO-6207
INV-000198,V042,Logistics Provider 42,Transportation,2024-04-27 07:58:33.513513514,2024-05-27 07:58:33.513513514,NET30,Express Delivery,28332.85,0.05,1416.64,29749.49,Paid,2024-05-23 07:58:33.513513514,USD,PO-4393
INV-000199,V044,Logistics Provider 44,Last Mile Delivery,2024-04-27 22:16:12.972972974,2024-05-27 22:16:12.972972974,NET30,Express Delivery,9849.14,0.05,492.46,10341.6,Approved,,USD,PO-2158
INV-000200,V024,Logistics Provider 24,Freight Forwarder,2024-04-28 12:33:52.432432432,2024-05-28 12:33:52.432432432,NET30,Sea Freight,3639.05,0.1,363.9,4002.95,Pending,,USD,PO-4220
INV-000201,V015,Logistics Provider 15,Last Mile Delivery,2024-04-29 02:51:31.891891892,2024-06-28 02:51:31.891891892,NET60,Express Delivery,16682.93,0.0,0.0,16682.93,Approved,,USD,PO-2819
INV-000202,V032,Logistics Provider 32,Freight Forwarder,2024-04-29 17:09:11.351351352,2024-06-28 17:09:11.351351352,NET60,Customs Clearance,37906.18,0.1,3790.62,41696.8,Pending,,USD,PO-9536
INV-000203,V032,Logistics Provider 32,Freight Forwarder,2024-04-30 07:26:50.810810812,2024-05-30 07:26:50.810810812,NET30,Road Transport,14197.23,0.0,0.0,14197.23,Rejected,,USD,PO-6278
INV-000204,V024,Logistics Provider 24,Freight Forwarder,2024-04-30 21:44:30.270270270,2024-06-14 21:44:30.270270270,NET45,Express Delivery,27438.25,0.05,1371.91,28810.16,Pending,,USD,PO-4323
INV-000205,V041,Logistics Provider 41,Warehousing,2024-05-01 12:02:09.729729730,2024-07-30 12:02:09.729729730,NET90,Customs Clearance,36669.41,0.0,0.0,36669.41,Approved,,USD,PO-5621
INV-000206,V049,Logistics Provider 49,Transportation,2024-05-02 02:19:49.189189190,2024-06-16 02:19:49.189189190,NET45,Air Freight,6289.24,0.1,628.92,6918.16,Paid,2024-06-07 02:19:49.189189190,USD,PO-6314
INV-000207,V049,Logistics Provider 49,Transportation,2024-05-02 16:37:28.648648648,2024-06-16 16:37:28.648648648,NET45,Last Mile Delivery,34579.6,0.1,3457.96,38037.56,Rejected,,USD,PO-3628
INV-000208,V012,Logistics Provider 12,Last Mile Delivery,2024-05-03 06:55:08.108108108,2024-06-17 06:55:08.108108108,NET45,Express Delivery,5501.67,0.0,0.0,5501.67,Pending,,USD,PO-3142
INV-000209,V039,Logistics Provider 39,Warehousing,2024-05-03 21:12:47.567567568,2024-06-02 21:12:47.567567568,NET30,Air Freight,48291.36,0.05,2414.57,50705.93,Pending,,USD,PO-6292
INV-000210,V002,Logistics Provider 2,Transportation,2024-05-04 11:30:27.027027028,2024-07-03 11:30:27.027027028,NET60,Last Mile Delivery,24931.31,0.05,1246.57,26177.88,Pending,,USD,PO-2124
INV-000211,V003,Logistics Provider 3,Warehousing,2024-05-05 01:48:06.486486486,2024-06-19 01:48:06.486486486,NET45,Cross-Border,8383.13,0.1,838.31,9221.44,Pending,,USD,PO-2399
INV-000212,V049,Logistics Provider 49,Transportation,2024-05-05 16:05:45.945945946,2024-06-04 16:05:45.945945946,NET30,Cross-Border,17776.8,0.0,0.0,17776.8,Approved,,USD,PO-1330
INV-000213,V037,Logistics Provider 37,Warehousing,2024-05-06 06:23:25.405405406,2024-06-20 06:23:25.405405406,NET45,Last Mile Delivery,21257.41,0.05,1062.87,22320.28,Paid,2024-06-09 06:23:25.405405406,USD,PO-4621
INV-000214,V049,Logistics Provider 49,Transportation,2024-05-06 20:41:04.864864866,2024-06-20 20:41:04.864864866,NET45,Express Delivery,38151.07,0.05,1907.55,40058.62,Approved,,USD,PO-6678
INV-000215,V017,Logistics Provider 17,Freight Forwarder,2024-05-07 10:58:44.324324324,2024-06-06 10:58:44.324324324,NET30,Sea Freight,37427.77,0.1,3742.78,41170.55,Pending,,USD,PO-2352
INV-000216,V049,Logistics Provider 49,Transportation,2024-05-08 01:16:23.783783784,2024-07-07 01:16:23.783783784,NET60,Customs Clearance,30985.08,0.05,1549.25,32534.33,Paid,2024-07-05 01:16:23.783783784,USD,PO-4969
INV-000217,V002,Logistics Provider 2,Transportation,2024-05-08 15:34:03.243243244,2024-07-07 15:34:03.243243244,NET60,Road Transport,6190.6,0.0,0.0,6190.6,Approved,,USD,PO-8776
INV-000218,V002,Logistics Provider 2,Transportation,2024-05-09 05:51:42.702702704,2024-08-07 05:51:42.702702704,NET90,Road Transport,8426.9,0.1,842.69,9269.59,Approved,,USD,PO-3310
INV-000219,V028,Logistics Provider 28,Freight Forwarder,2024-05-09 20:09:22.162162162,2024-06-08 20:09:22.162162162,NET30,Warehousing,5594.09,0.1,559.41,6153.5,Approved,,USD,PO-4941
INV-000220,V023,Logistics Provider 23,Warehousing,2024-05-10 10:27:01.621621622,2024-08-08 10:27:01.621621622,NET90,Last Mile Delivery,29281.47,0.0,0.0,29281.47,Rejected,,USD,PO-5119
INV-000221,V037,Logistics Provider 37,Warehousing,2024-05-11 00:44:41.081081082,2024-08-09 00:44:41.081081082,NET90,Road Transport,43979.78,0.1,4397.98,48377.76,Pending,,USD,PO-8759
INV-000222,V032,Logistics Provider 32,Freight Forwarder,2024-05-11 15:02:20.540540540,2024-08-09 15:02:20.540540540,NET90,Express Delivery,22256.23,0.05,1112.81,23369.04,Paid,2024-08-06 15:02:20.540540540,USD,PO-7185
INV-000223,V033,Logistics Provider 33,Customs Broker,2024-05-12 05:20:00.000000000,2024-07-11 05:20:00.000000000,NET60,Sea Freight,8881.56,0.05,444.08,9325.64,Paid,2024-07-04 05:20:00,USD,PO-5044
INV-000224,V001,Logistics Provider 1,Last Mile Delivery,2024-05-12 19:37:39.459459460,2024-06-11 19:37:39.459459460,NET30,Last Mile Delivery,28344.07,0.0,0.0,28344.07,Pending,,USD,PO-9711
INV-000225,V019,Logistics Provider 19,Freight Forwarder,2024-05-13 09:55:18.918918920,2024-08-11 09:55:18.918918920,NET90,Sea Freight,40775.86,0.05,2038.79,42814.65,Rejected,,USD,PO-6326
INV-000226,V002,Logistics Provider 2,Transportation,2024-05-14 00:12:58.378378378,2024-06-13 00:12:58.378378378,NET30,Express Delivery,37343.89,0.0,0.0,37343.89,Approved,,USD,PO-3075
INV-000227,V044,Logistics Provider 44,Last Mile Delivery,2024-05-14 14:30:37.837837838,2024-06-13 14:30:37.837837838,NET30,Road Transport,44191.09,0.0,0.0,44191.09,Pending,,USD,PO-2706
INV-000228,V026,Logistics Provider 26,Warehousing,2024-05-15 04:48:17.297297298,2024-07-14 04:48:17.297297298,NET60,Road Transport,14617.2,0.05,730.86,15348.06,Paid,2024-06-30 04:48:17.297297298,USD,PO-4512
INV-000229,V032,Logistics Provider 32,Freight Forwarder,2024-05-15 19:05:56.756756758,2024-08-13 19:05:56.756756758,NET90,Warehousing,10503.74,0.0,0.0,10503.74,Paid,2024-07-31 19:05:56.756756758,USD,PO-8123
INV-000230,V006,Logistics Provider 6,Last Mile Delivery,2024-05-16 09:23:36.216216216,2024-08-14 09:23:36.216216216,NET90,Road Transport,44111.01,0.05,2205.55,46316.56,Paid,2024-07-31 09:23:36.216216216,USD,PO-2434
INV-000231,V032,Logistics Provider 32,Freight Forwarder,2024-05-16 23:41:15.675675676,2024-06-15 23:41:15.675675676,NET30,Last Mile Delivery,33220.46,0.1,3322.05,36542.51,Pending,,USD,PO-7420
INV-000232,V004,Logistics Provider 4,Transportation,2024-05-17 13:58:55.135135136,2024-07-01 13:58:55.135135136,NET45,Express Delivery,16235.52,0.1,1623.55,17859.07,Approved,,USD,PO-7647
INV-000233,V011,Logistics Provider 11,Freight Forwarder,2024-05-18 04:16:34.594594594,2024-07-17 04:16:34.594594594,NET60,Cross-Border,37375.05,0.0,0.0,37375.05,Paid,2024-07-12 04:16:34.594594594,USD,PO-4767
INV-000234,V017,Logistics Provider 17,Freight Forwarder,2024-05-18 18:34:14.054054054,2024-07-17 18:34:14.054054054,NET60,Express Delivery,40940.8,0.05,2047.04,42987.84,Approved,,USD,PO-2667
INV-000235,V038,Logistics Provider 38,Last Mile Delivery,2024-05-19 08:51:53.513513514,2024-07-18 08:51:53.513513514,NET60,Last Mile Delivery,31133.93,0.05,1556.7,32690.63,Approved,,USD,PO-2328
INV-000236,V024,Logistics Provider 24,Freight Forwarder,2024-05-19 23:09:32.972972974,2024-07-18 23:09:32.972972974,NET60,Last Mile Delivery,34706.32,0.1,3470.63,38176.95,Pending,,USD,PO-3265
INV-000237,V005,Logistics Provider 5,Warehousing,2024-05-20 13:27:12.432432432,2024-08-18 13:27:12.432432432,NET90,Warehousing,19387.74,0.1,1938.77,21326.51,Pending,,USD,PO-1593
INV-000238,V034,Logistics Provider 34,Warehousing,2024-05-21 03:44:51.891891892,2024-08-19 03:44:51.891891892,NET90,Warehousing,27396.09,0.05,1369.8,28765.89,Paid,2024-08-10 03:44:51.891891892,USD,PO-6828
INV-000239,V006,Logistics Provider 6,Last Mile Delivery,2024-05-21 18:02:31.351351352,2024-07-05 18:02:31.351351352,NET45,Road Transport,26683.8,0.0,0.0,26683.8,Approved,,USD,PO-2548
INV-000240,V022,Logistics Provider 22,Customs Broker,2024-05-22 08:20:10.810810812,2024-07-21 08:20:10.810810812,NET60,Air Freight,42554.34,0.1,4255.43,46809.77,Rejected,,USD,PO-1370
INV-000241,V011,Logistics Provider 11,Freight Forwarder,2024-05-22 22:37:50.270270270,2024-07-21 22:37:50.270270270,NET60,Express Delivery,42158.24,0.0,0.0,42158.24,Approved,,USD,PO-7701
INV-000242,V048,Logistics Provider 48,Customs Broker,2024-05-23 12:55:29.729729730,2024-06-22 12:55:29.729729730,NET30,Express Delivery,41801.34,0.0,0.0,41801.34,Paid,2024-06-11 12:55:29.729729730,USD,PO-3718
INV-000243,V016,Logistics Provider 16,Warehousing,2024-05-24 03:13:09.189189190,2024-08-22 03:13:09.189189190,NET90,Air Freight,1540.55,0.1,154.06,1694.61,Approved,,USD,PO-5025
INV-000244,V033,Logistics Provider 33,Customs Broker,2024-05-24 17:30:48.648648650,2024-07-23 17:30:48.648648650,NET60,Warehousing,37727.73,0.0,0.0,37727.73,Approved,,USD,PO-7987
INV-000245,V009,Logistics Provider 9,Transportation,2024-05-25 07:48:28.108108108,2024-07-09 07:48:28.108108108,NET45,Road Transport,38175.14,0.0,0.0,38175.14,Pending,,USD,PO-2525
INV-000246,V006,Logistics Provider 6,Last Mile Delivery,2024-05-25 22:06:07.567567568,2024-07-09 22:06:07.567567568,NET45,Air Freight,34240.56,0.05,1712.03,35952.59,Approved,,USD,PO-9624
INV-000247,V016,Logistics Provider 16,Warehousing,2024-05-26 12:23:47.027027028,2024-08-24 12:23:47.027027028,NET90,Road Transport,38056.97,0.0,0.0,38056.97,Paid,2024-08-13 12:23:47.027027028,USD,PO-4720
INV-000248,V029,Logistics Provider 29,Customs Broker,2024-05-27 02:41:26.486486486,2024-07-11 02:41:26.486486486,NET45,Road Transport,42256.55,0.05,2112.83,44369.38,Rejected,,USD,PO-5759
INV-000249,V003,Logistics Provider 3,Warehousing,2024-05-27 16:59:05.945945946,2024-07-11 16:59:05.945945946,NET45,Road Transport,24045.63,0.1,2404.56,26450.19,Paid,2024-07-01 16:59:05.945945946,USD,PO-6004
INV-000250,V020,Logistics Provider 20,Warehousing,2024-05-28 07:16:45.405405406,2024-08-26 07:16:45.405405406,NET90,Customs Clearance,25600.46,0.1,2560.05,28160.51,Pending,,USD,PO-5736
INV-000251,V036,Logistics Provider 36,Transportation,2024-05-28 21:34:24.864864866,2024-07-27 21:34:24.864864866,NET60,Last Mile Delivery,7110.99,0.05,355.55,7466.54,Pending,,USD,PO-3593
INV-000252,V019,Logistics Provider 19,Freight Forwarder,2024-05-29 11:52:04.324324324,2024-07-28 11:52:04.324324324,NET60,Road Transport,19883.42,0.1,1988.34,21871.76,Pending,,USD,PO-6753
INV-000253,V026,Logistics Provider 26,Warehousing,2024-05-30 02:09:43.783783784,2024-07-14 02:09:43.783783784,NET45,Customs Clearance,32524.89,0.0,0.0,32524.89,Paid,2024-07-02 02:09:43.783783784,USD,PO-1392
INV-000254,V003,Logistics Provider 3,Warehousing,2024-05-30 16:27:23.243243244,2024-07-14 16:27:23.243243244,NET45,Warehousing,39239.59,0.0,0.0,39239.59,Paid,2024-07-11 16:27:23.243243244,USD,PO-8484
INV-000255,V019,Logistics Provider 19,Freight Forwarder,2024-05-31 06:45:02.702702704,2024-07-30 06:45:02.702702704,NET60,Air Freight,11643.25,0.0,0.0,11643.25,Rejected,,USD,PO-1245
INV-000256,V020,Logistics Provider 20,Warehousing,2024-05-31 21:02:42.162162162,2024-08-29 21:02:42.162162162,NET90,Last Mile Delivery,7753.32,0.1,775.33,8528.65,Pending,,USD,PO-1790
INV-000257,V032,Logistics Provider 32,Freight Forwarder,2024-06-01 11:20:21.621621622,2024-07-16 11:20:21.621621622,NET45,Cross-Border,33489.06,0.0,0.0,33489.06,Paid,2024-07-08 11:20:21.621621622,USD,PO-4283
INV-000258,V007,Logistics Provider 7,Freight Forwarder,2024-06-02 01:38:01.081081082,2024-07-02 01:38:01.081081082,NET30,Air Freight,1092.11,0.1,109.21,1201.32,Approved,,USD,PO-3534
INV-000259,V041,Logistics Provider 41,Warehousing,2024-06-02 15:55:40.540540540,2024-08-31 15:55:40.540540540,NET90,Last Mile Delivery,9740.26,0.0,0.0,9740.26,Paid,2024-08-18 15:55:40.540540540,USD,PO-3159
INV-000260,V033,Logistics Provider 33,Customs Broker,2024-06-03 06:13:20.000000000,2024-07-18 06:13:20.000000000,NET45,Cross-Border,2424.5,0.05,121.22,2545.72,Paid,2024-07-14 06:13:20,USD,PO-7720
INV-000261,V040,Logistics Provider 40,Freight Forwarder,2024-06-03 20:30:59.459459460,2024-07-18 20:30:59.459459460,NET45,Air Freight,9177.37,0.1,917.74,10095.11,Paid,2024-07-07 20:30:59.459459460,USD,PO-2887
INV-000262,V039,Logistics Provider 39,Warehousing,2024-06-04 10:48:38.918918920,2024-07-04 10:48:38.918918920,NET30,Last Mile Delivery,9884.64,0.1,988.46,10873.1,Paid,2024-06-21 10:48:38.918918920,USD,PO-2419
INV-000263,V018,Logistics Provider 18,Last Mile Delivery,2024-06-05 01:06:18.378378378,2024-07-05 01:06:18.378378378,NET30,Air Freight,19996.01,0.0,0.0,19996.01,Pending,,USD,PO-1781
INV-000264,V040,Logistics Provider 40,Freight Forwarder,2024-06-05 15:23:57.837837838,2024-08-04 15:23:57.837837838,NET60,Air Freight,20714.03,0.1,2071.4,22785.43,Paid,2024-07-28 15:23:57.837837838,USD,PO-8971
INV-000265,V001,Logistics Provider 1,Last Mile Delivery,2024-06-06 05:41:37.297297298,2024-09-04 05:41:37.297297298,NET90,Cross-Border,43838.86,0.1,4383.89,48222.75,Pending,,USD,PO-3086
INV-000266,V011,Logistics Provider 11,Freight Forwarder,2024-06-06 19:59:16.756756758,2024-09-04 19:59:16.756756758,NET90,Air Freight,25995.38,0.05,1299.77,27295.15,Paid,2024-08-21 19:59:16.756756758,USD,PO-7252
INV-000267,V028,Logistics Provider 28,Freight Forwarder,2024-06-07 10:16:56.216216216,2024-08-06 10:16:56.216216216,NET60,Air Freight,36446.83,0.05,1822.34,38269.17,Approved,,USD,PO-5462
INV-000268,V025,Logistics Provider 25,Last Mile Delivery,2024-06-08 00:34:35.675675676,2024-09-06 00:34:35.675675676,NET90,Cross-Border,6102.73,0.0,0.0,6102.73,Paid,2024-08-27 00:34:35.675675676,USD,PO-6866
INV-000269,V050,Logistics Provider 50,Transportation,2024-06-08 14:52:15.135135136,2024-09-06 14:52:15.135135136,NET90,Warehousing,12046.5,0.05,602.33,12648.83,Rejected,,USD,PO-8487
INV-000270,V023,Logistics Provider 23,Warehousing,2024-06-09 05:09:54.594594594,2024-09-07 05:09:54.594594594,NET90,Road Transport,35444.23,0.0,0.0,35444.23,Paid,2024-09-05 05:09:54.594594594,USD,PO-2584
INV-000271,V031,Logistics Provider 31,Customs Broker,2024-06-09 19:27:34.054054054,2024-09-07 19:27:34.054054054,NET90,Express Delivery,3587.39,0.0,0.0,3587.39,Paid,2024-08-30 19:27:34.054054054,USD,PO-1151
INV-000272,V030,Logistics Provider 30,Warehousing,2024-06-10 09:45:13.513513514,2024-09-08 09:45:13.513513514,NET90,Sea Freight,24843.29,0.0,0.0,24843.29,Paid,2024-09-01 09:45:13.513513514,USD,PO-6052
INV-000273,V042,Logistics Provider 42,Transportation,2024-06-11 00:02:52.972972974,2024-07-11 00:02:52.972972974,NET30,Customs Clearance,30369.08,0.1,3036.91,33405.99,Paid,2024-07-08 00:02:52.972972974,USD,PO-8412
INV-000274,V035,Logistics Provider 35,Freight Forwarder,2024-06-11 14:20:32.432432432,2024-09-09 14:20:32.432432432,NET90,Sea Freight,30505.14,0.05,1525.26,32030.4,Paid,2024-08-27 14:20:32.432432432,USD,PO-9816
INV-000275,V007,Logistics Provider 7,Freight Forwarder,2024-06-12 04:38:11.891891892,2024-07-12 04:38:11.891891892,NET30,Sea Freight,2123.71,0.0,0.0,2123.71,Paid,2024-07-07 04:38:11.891891892,USD,PO-4414
INV-000276,V016,Logistics Provider 16,Warehousing,2024-06-12 18:55:51.351351352,2024-09-10 18:55:51.351351352,NET90,Last Mile Delivery,16783.29,0.05,839.16,17622.45,Approved,,USD,PO-7112
INV-000277,V026,Logistics Provider 26,Warehousing,2024-06-13 09:13:30.810810812,2024-08-12 09:13:30.810810812,NET60,Road Transport,32188.04,0.0,0.0,32188.04,Rejected,,USD,PO-6958
INV-000278,V048,Logistics Provider 48,Customs Broker,2024-06-13 23:31:10.270270270,2024-07-28 23:31:10.270270270,NET45,Last Mile Delivery,8300.99,0.05,415.05,8716.04,Rejected,,USD,PO-1502
INV-000279,V049,Logistics Provider 49,Transportation,2024-06-14 13:48:49.729729730,2024-07-14 13:48:49.729729730,NET30,Road Transport,35075.37,0.05,1753.77,36829.14,Paid,2024-07-02 13:48:49.729729730,USD,PO-5249
INV-000280,V002,Logistics Provider 2,Transportation,2024-06-15 04:06:29.189189190,2024-09-13 04:06:29.189189190,NET90,Cross-Border,37550.34,0.0,0.0,37550.34,Approved,,USD,PO-8836
INV-000281,V001,Logistics Provider 1,Last Mile Delivery,2024-06-15 18:24:08.648648650,2024-08-14 18:24:08.648648650,NET60,Cross-Border,49116.49,0.1,4911.65,54028.14,Pending,,USD,PO-5420
INV-000282,V048,Logistics Provider 48,Customs Broker,2024-06-16 08:41:48.108108108,2024-07-31 08:41:48.108108108,NET45,Express Delivery,11282.26,0.05,564.11,11846.37,Paid,2024-07-27 08:41:48.108108108,USD,PO-2324
INV-000283,V012,Logistics Provider 12,Last Mile Delivery,2024-06-16 22:59:27.567567568,2024-07-16 22:59:27.567567568,NET30,Road Transport,41431.4,0.1,4143.14,45574.54,Pending,,USD,PO-7522
INV-000284,V005,Logistics Provider 5,Warehousing,2024-06-17 13:17:07.027027028,2024-08-01 13:17:07.027027028,NET45,Air Freight,26494.53,0.1,2649.45,29143.98,Paid,2024-07-20 13:17:07.027027028,USD,PO-1657
INV-000285,V037,Logistics Provider 37,Warehousing,2024-06-18 03:34:46.486486486,2024-08-17 03:34:46.486486486,NET60,Warehousing,19299.67,0.0,0.0,19299.67,Approved,,USD,PO-5758
INV-000286,V032,Logistics Provider 32,Freight Forwarder,2024-06-18 17:52:25.945945946,2024-07-18 17:52:25.945945946,NET30,Express Delivery,6996.46,0.0,0.0,6996.46,Approved,,USD,PO-5831
INV-000287,V009,Logistics Provider 9,Transportation,2024-06-19 08:10:05.405405406,2024-08-03 08:10:05.405405406,NET45,Express Delivery,37039.77,0.0,0.0,37039.77,Rejected,,USD,PO-6135
INV-000288,V041,Logistics Provider 41,Warehousing,2024-06-19 22:27:44.864864866,2024-09-17 22:27:44.864864866,NET90,Air Freight,12557.02,0.05,627.85,13184.87,Paid,2024-09-13 22:27:44.864864866,USD,PO-6792
INV-000289,V035,Logistics Provider 35,Freight Forwarder,2024-06-20 12:45:24.324324324,2024-07-20 12:45:24.324324324,NET30,Warehousing,19199.68,0.0,0.0,19199.68,Paid,2024-07-05 12:45:24.324324324,USD,PO-4343
INV-000290,V019,Logistics Provider 19,Freight Forwarder,2024-06-21 03:03:03.783783784,2024-08-05 03:03:03.783783784,NET45,Last Mile Delivery,4064.57,0.0,0.0,4064.57,Paid,2024-07-30 03:03:03.783783784,USD,PO-5203
INV-000291,V048,Logistics Provider 48,Customs Broker,2024-06-21 17:20:43.243243244,2024-08-20 17:20:43.243243244,NET60,Warehousing,40266.98,0.05,2013.35,42280.33,Approved,,USD,PO-4522
INV-000292,V016,Logistics Provider 16,Warehousing,2024-06-22 07:38:22.702702704,2024-08-21 07:38:22.702702704,NET60,Last Mile Delivery,38562.84,0.05,1928.14,40490.98,Paid,2024-06-23 07:38:22.702702704,USD,PO-6064
INV-000293,V003,Logistics Provider 3,Warehousing,2024-06-22 21:56:02.162162162,2024-07-22 21:56:02.162162162,NET30,Cross-Border,36947.18,0.0,0.0,36947.18,Approved,,USD,PO-3162
INV-000294,V020,Logistics Provider 20,Warehousing,2024-06-23 12:13:41.621621622,2024-08-07 12:13:41.621621622,NET45,Sea Freight,15672.73,0.0,0.0,15672.73,Rejected,,USD,PO-6952
INV-000295,V024,Logistics Provider 24,Freight Forwarder,2024-06-24 02:31:21.081081082,2024-07-24 02:31:21.081081082,NET30,Cross-Border,9500.52,0.0,0.0,9500.52,Paid,2024-07-15 02:31:21.081081082,USD,PO-7724
INV-000296,V033,Logistics Provider 33,Customs Broker,2024-06-24 16:49:00.540540540,2024-07-24 16:49:00.540540540,NET30,Cross-Border,32240.11,0.0,0.0,32240.11,Approved,,USD,PO-7311
INV-000297,V024,Logistics Provider 24,Freight Forwarder,2024-06-25 07:06:40.000000000,2024-08-09 07:06:40.000000000,NET45,Sea Freight,25312.15,0.1,2531.22,27843.37,Paid,2024-08-04 07:06:40,USD,PO-5357
INV-000298,V011,Logistics Provider 11,Freight Forwarder,2024-06-25 21:24:19.459459460,2024-08-09 21:24:19.459459460,NET45,Warehousing,9734.37,0.1,973.44,10707.81,Paid,2024-07-26 21:24:19.459459460,USD,PO-5155
INV-000299,V049,Logistics Provider 49,Transportation,2024-06-26 11:41:58.918918920,2024-09-24 11:41:58.918918920,NET90,Express Delivery,34609.65,0.0,0.0,34609.65,Approved,,USD,PO-4858
INV-000300,V008,Logistics Provider 8,Customs Broker,2024-06-27 01:59:38.378378378,2024-08-11 01:59:38.378378378,NET45,Warehousing,49565.2,0.1,4956.52,54521.72,Rejected,,USD,PO-8220
INV-000301,V036,Logistics Provider 36,Transportation,2024-06-27 16:17:17.837837838,2024-08-26 16:17:17.837837838,NET60,Last Mile Delivery,37613.76,0.05,1880.69,39494.45,Pending,,USD,PO-5560
INV-000302,V038,Logistics Provider 38,Last Mile Delivery,2024-06-28 06:34:57.297297298,2024-07-28 06:34:57.297297298,NET30,Air Freight,37259.33,0.1,3725.93,40985.26,Approved,,USD,PO-4899
INV-000303,V040,Logistics Provider 40,Freight Forwarder,2024-06-28 20:52:36.756756758,2024-07-28 20:52:36.756756758,NET30,Last Mile Delivery,47565.32,0.1,4756.53,52321.85,Paid,2024-07-19 20:52:36.756756758,USD,PO-7946
INV-000304,V020,Logistics Provider 20,Warehousing,2024-06-29 11:10:16.216216216,2024-08-28 11:10:16.216216216,NET60,Air Freight,10943.88,0.0,0.0,10943.88,Paid,2024-08-26 11:10:16.216216216,USD,PO-2678
INV-000305,V035,Logistics Provider 35,Freight Forwarder,2024-06-30 01:27:55.675675676,2024-08-14 01:27:55.675675676,NET45,Cross-Border,28711.95,0.1,2871.2,31583.15,Paid,2024-08-12 01:27:55.675675676,USD,PO-6515
INV-000306,V048,Logistics Provider 48,Customs Broker,2024-06-30 15:45:35.135135136,2024-08-29 15:45:35.135135136,NET60,Sea Freight,49002.69,0.1,4900.27,53902.96,Paid,2024-08-18 15:45:35.135135136,USD,PO-6007
INV-000307,V025,Logistics Provider 25,Last Mile Delivery,2024-07-01 06:03:14.594594596,2024-08-30 06:03:14.594594596,NET60,Cross-Border,9099.41,0.1,909.94,10009.35,Paid,2024-08-16 06:03:14.594594596,USD,PO-2428
INV-000308,V035,Logistics Provider 35,Freight Forwarder,2024-07-01 20:20:54.054054054,2024-09-29 20:20:54.054054054,NET90,Road Transport,35312.35,0.1,3531.24,38843.59,Paid,2024-09-19 20:20:54.054054054,USD,PO-6844
INV-000309,V025,Logistics Provider 25,Last Mile Delivery,2024-07-02 10:38:33.513513514,2024-08-31 10:38:33.513513514,NET60,Warehousing,29704.7,0.05,1485.24,31189.94,Pending,,USD,PO-4037
INV-000310,V029,Logistics Provider 29,Customs Broker,2024-07-03 00:56:12.972972974,2024-08-02 00:56:12.972972974,NET30,Air Freight,29737.48,0.0,0.0,29737.48,Approved,,USD,PO-1107
INV-000311,V018,Logistics Provider 18,Last Mile Delivery,2024-07-03 15:13:52.432432432,2024-09-01 15:13:52.432432432,NET60,Last Mile Delivery,35185.86,0.0,0.0,35185.86,Approved,,USD,PO-3497
INV-000312,V046,Logistics Provider 46,Freight Forwarder,2024-07-04 05:31:31.891891892,2024-08-03 05:31:31.891891892,NET30,Sea Freight,46551.23,0.05,2327.56,48878.79,Approved,,USD,PO-6578
INV-000313,V018,Logistics Provider 18,Last Mile Delivery,2024-07-04 19:49:11.351351352,2024-08-03 19:49:11.351351352,NET30,Air Freight,39346.52,0.1,3934.65,43281.17,Paid,2024-07-19 19:49:11.351351352,USD,PO-5236
INV-000314,V002,Logistics Provider 2,Transportation,2024-07-05 10:06:50.810810812,2024-08-04 10:06:50.810810812,NET30,Last Mile Delivery,3750.67,0.05,187.53,3938.2,Pending,,USD,PO-2237
INV-000315,V035,Logistics Provider 35,Freight Forwarder,2024-07-06 00:24:30.270270270,2024-08-20 00:24:30.270270270,NET45,Warehousing,42783.67,0.1,4278.37,47062.04,Approved,,USD,PO-9576
INV-000316,V016,Logistics Provider 16,Warehousing,2024-07-06 14:42:09.729729730,2024-10-04 14:42:09.729729730,NET90,Cross-Border,12051.53,0.05,602.58,12654.11,Approved,,USD,PO-4033
INV-000317,V041,Logistics Provider 41,Warehousing,2024-07-07 04:59:49.189189190,2024-08-06 04:59:49.189189190,NET30,Warehousing,19468.79,0.0,0.0,19468.79,Rejected,,USD,PO-1371
INV-000318,V036,Logistics Provider 36,Transportation,2024-07-07 19:17:28.648648650,2024-08-06 19:17:28.648648650,NET30,Customs Clearance,23624.91,0.0,0.0,23624.91,Rejected,,USD,PO-3054
INV-000319,V033,Logistics Provider 33,Customs Broker,2024-07-08 09:35:08.108108108,2024-08-22 09:35:08.108108108,NET45,Road Transport,24564.39,0.0,0.0,24564.39,Paid,2024-08-22 09:35:08.108108108,USD,PO-1193
INV-000320,V004,Logistics Provider 4,Transportation,2024-07-08 23:52:47.567567568,2024-08-07 23:52:47.567567568,NET30,Customs Clearance,22323.84,0.1,2232.38,24556.22,Rejected,,USD,PO-5126
INV-000321,V033,Logistics Provider 33,Customs Broker,2024-07-09 14:10:27.027027028,2024-09-07 14:10:27.027027028,NET60,Sea Freight,46930.31,0.1,4693.03,51623.34,Paid,2024-09-03 14:10:27.027027028,USD,PO-8871
INV-000322,V014,Logistics Provider 14,Customs Broker,2024-07-10 04:28:06.486486486,2024-09-08 04:28:06.486486486,NET60,Air Freight,35594.93,0.05,1779.75,37374.68,Paid,2024-09-04 04:28:06.486486486,USD,PO-2223
INV-000323,V021,Logistics Provider 21,Customs Broker,2024-07-10 18:45:45.945945946,2024-10-08 18:45:45.945945946,NET90,Sea Freight,31927.36,0.05,1596.37,33523.73,Pending,,USD,PO-8965
INV-000324,V048,Logistics Provider 48,Customs Broker,2024-07-11 09:03:25.405405406,2024-08-10 09:03:25.405405406,NET30,Cross-Border,3442.26,0.0,0.0,3442.26,Paid,2024-08-02 09:03:25.405405406,USD,PO-4990
INV-000325,V020,Logistics Provider 20,Warehousing,2024-07-11 23:21:04.864864866,2024-08-25 23:21:04.864864866,NET45,Last Mile Delivery,45291.75,0.1,4529.18,49820.93,Paid,2024-08-15 23:21:04.864864866,USD,PO-7847
INV-000326,V008,Logistics Provider 8,Customs Broker,2024-07-12 13:38:44.324324324,2024-09-10 13:38:44.324324324,NET60,Warehousing,45560.12,0.05,2278.01,47838.13,Paid,2024-09-02 13:38:44.324324324,USD,PO-9077
INV-000327,V007,Logistics Provider 7,Freight Forwarder,2024-07-13 03:56:23.783783784,2024-08-27 03:56:23.783783784,NET45,Customs Clearance,39230.44,0.1,3923.04,43153.48,Paid,2024-08-22 03:56:23.783783784,USD,PO-5700
INV-000328,V003,Logistics Provider 3,Warehousing,2024-07-13 18:14:03.243243244,2024-08-27 18:14:03.243243244,NET45,Express Delivery,1344.43,0.1,134.44,1478.87,Paid,2024-08-22 18:14:03.243243244,USD,PO-6543
INV-000329,V017,Logistics Provider 17,Freight Forwarder,2024-07-14 08:31:42.702702704,2024-09-12 08:31:42.702702704,NET60,Customs Clearance,3806.73,0.0,0.0,3806.73,Paid,2024-08-29 08:31:42.702702704,USD,PO-4934
INV-000330,V033,Logistics Provider 33,Customs Broker,2024-07-14 22:49:22.162162162,2024-08-28 22:49:22.162162162,NET45,Cross-Border,12035.96,0.0,0.0,12035.96,Rejected,,USD,PO-9154
INV-000331,V048,Logistics Provider 48,Customs Broker,2024-07-15 13:07:01.621621622,2024-09-13 13:07:01.621621622,NET60,Customs Clearance,7436.12,0.1,743.61,8179.73,Approved,,USD,PO-2308
INV-000332,V012,Logistics Provider 12,Last Mile Delivery,2024-07-16 03:24:41.081081082,2024-08-30 03:24:41.081081082,NET45,Cross-Border,20542.97,0.1,2054.3,22597.27,Paid,2024-08-20 03:24:41.081081082,USD,PO-6734
INV-000333,V022,Logistics Provider 22,Customs Broker,2024-07-16 17:42:20.540540542,2024-09-14 17:42:20.540540542,NET60,Express Delivery,46208.53,0.1,4620.85,50829.38,Approved,,USD,PO-1640
INV-000334,V022,Logistics Provider 22,Customs Broker,2024-07-17 08:00:00.000000000,2024-08-16 08:00:00.000000000,NET30,Sea Freight,24130.96,0.1,2413.1,26544.06,Paid,2024-08-12 08:00:00,USD,PO-9968
INV-000335,V046,Logistics Provider 46,Freight Forwarder,2024-07-17 22:17:39.459459460,2024-10-15 22:17:39.459459460,NET90,Warehousing,1656.73,0.0,0.0,1656.73,Paid,2024-10-01 22:17:39.459459460,USD,PO-3876
INV-000336,V030,Logistics Provider 30,Warehousing,2024-07-18 12:35:18.918918920,2024-09-16 12:35:18.918918920,NET60,Air Freight,14854.54,0.05,742.73,15597.27,Pending,,USD,PO-1005
INV-000337,V038,Logistics Provider 38,Last Mile Delivery,2024-07-19 02:52:58.378378378,2024-09-17 02:52:58.378378378,NET60,Last Mile Delivery,3185.15,0.0,0.0,3185.15,Paid,2024-09-12 02:52:58.378378378,USD,PO-5386
INV-000338,V038,Logistics Provider 38,Last Mile Delivery,2024-07-19 17:10:37.837837838,2024-10-17 17:10:37.837837838,NET90,Air Freight,2778.09,0.05,138.9,2916.99,Approved,,USD,PO-8598
INV-000339,V045,Logistics Provider 45,Customs Broker,2024-07-20 07:28:17.297297298,2024-09-18 07:28:17.297297298,NET60,Sea Freight,14510.27,0.1,1451.03,15961.3,Paid,2024-09-11 07:28:17.297297298,USD,PO-3876
INV-000340,V008,Logistics Provider 8,Customs Broker,2024-07-20 21:45:56.756756758,2024-09-18 21:45:56.756756758,NET60,Last Mile Delivery,14505.0,0.05,725.25,15230.25,Approved,,USD,PO-4290
INV-000341,V027,Logistics Provider 27,Transportation,2024-07-21 12:03:36.216216216,2024-09-04 12:03:36.216216216,NET45,Customs Clearance,39569.2,0.0,0.0,39569.2,Paid,2024-08-22 12:03:36.216216216,USD,PO-4451
INV-000342,V027,Logistics Provider 27,Transportation,2024-07-22 02:21:15.675675676,2024-10-20 02:21:15.675675676,NET90,Express Delivery,48766.9,0.0,0.0,48766.9,Pending,,USD,PO-4219
INV-000343,V034,Logistics Provider 34,Warehousing,2024-07-22 16:38:55.135135136,2024-08-21 16:38:55.135135136,NET30,Express Delivery,19189.15,0.1,1918.92,21108.07,Paid,2024-08-11 16:38:55.135135136,USD,PO-6295
INV-000344,V021,Logistics Provider 21,Customs Broker,2024-07-23 06:56:34.594594596,2024-09-21 06:56:34.594594596,NET60,Road Transport,22015.46,0.0,0.0,22015.46,Approved,,USD,PO-2245
INV-000345,V030,Logistics Provider 30,Warehousing,2024-07-23 21:14:14.054054054,2024-10-21 21:14:14.054054054,NET90,Sea Freight,42394.68,0.1,4239.47,46634.15,Paid,2024-10-13 21:14:14.054054054,USD,PO-1265
INV-000346,V033,Logistics Provider 33,Customs Broker,2024-07-24 11:31:53.513513514,2024-09-07 11:31:53.513513514,NET45,Sea Freight,14138.81,0.0,0.0,14138.81,Rejected,,USD,PO-1727
INV-000347,V028,Logistics Provider 28,Freight Forwarder,2024-07-25 01:49:32.972972974,2024-08-24 01:49:32.972972974,NET30,Warehousing,8662.71,0.0,0.0,8662.71,Rejected,,USD,PO-8228
INV-000348,V047,Logistics Provider 47,Freight Forwarder,2024-07-25 16:07:12.432432432,2024-10-23 16:07:12.432432432,NET90,Air Freight,42801.39,0.1,4280.14,47081.53,Paid,2024-10-20 16:07:12.432432432,USD,PO-7669
INV-000349,V033,Logistics Provider 33,Customs Broker,2024-07-26 06:24:51.891891892,2024-08-25 06:24:51.891891892,NET30,Sea Freight,3278.53,0.05,163.93,3442.46,Paid,2024-08-18 06:24:51.891891892,USD,PO-1916
INV-000350,V005,Logistics Provider 5,Warehousing,2024-07-26 20:42:31.351351352,2024-08-25 20:42:31.351351352,NET30,Sea Freight,31365.27,0.0,0.0,31365.27,Approved,,USD,PO-6687
INV-000351,V048,Logistics Provider 48,Customs Broker,2024-07-27 11:00:10.810810812,2024-08-26 11:00:10.810810812,NET30,Customs Clearance,28537.65,0.05,1426.88,29964.53,Approved,,USD,PO-2743
INV-000352,V019,Logistics Provider 19,Freight Forwarder,2024-07-28 01:17:50.270270272,2024-09-26 01:17:50.270270272,NET60,Customs Clearance,17950.1,0.0,0.0,17950.1,Approved,,USD,PO-4142
INV-000353,V004,Logistics Provider 4,Transportation,2024-07-28 15:35:29.729729732,2024-09-26 15:35:29.729729732,NET60,Last Mile Delivery,16444.29,0.0,0.0,16444.29,Paid,2024-09-24 15:35:29.729729732,USD,PO-1851
INV-000354,V035,Logistics Provider 35,Freight Forwarder,2024-07-29 05:53:09.189189188,2024-09-12 05:53:09.189189188,NET45,Cross-Border,38821.03,0.0,0.0,38821.03,Rejected,,USD,PO-9927
INV-000355,V049,Logistics Provider 49,Transportation,2024-07-29 20:10:48.648648648,2024-09-12 20:10:48.648648648,NET45,Cross-Border,5234.81,0.0,0.0,5234.81,Pending,,USD,PO-9025
INV-000356,V017,Logistics Provider 17,Freight Forwarder,2024-07-30 10:28:28.108108108,2024-10-28 10:28:28.108108108,NET90,Road Transport,12602.43,0.05,630.12,13232.55,Rejected,,USD,PO-8002
INV-000357,V044,Logistics Provider 44,Last Mile Delivery,2024-07-31 00:46:07.567567568,2024-09-14 00:46:07.567567568,NET45,Cross-Border,36889.99,0.05,1844.5,38734.49,Paid,2024-09-09 00:46:07.567567568,USD,PO-8677
INV-000358,V028,Logistics Provider 28,Freight Forwarder,2024-07-31 15:03:47.027027028,2024-08-30 15:03:47.027027028,NET30,Warehousing,27867.71,0.0,0.0,27867.71,Paid,2024-08-24 15:03:47.027027028,USD,PO-9562
INV-000359,V030,Logistics Provider 30,Warehousing,2024-08-01 05:21:26.486486488,2024-08-31 05:21:26.486486488,NET30,Road Transport,7271.42,0.0,0.0,7271.42,Pending,,USD,PO-5499
INV-000360,V029,Logistics Provider 29,Customs Broker,2024-08-01 19:39:05.945945948,2024-09-30 19:39:05.945945948,NET60,Last Mile Delivery,221123.25,0.05,11056.16,232179.41,Pending,,USD,PO-2738
INV-000361,V046,Logistics Provider 46,Freight Forwarder,2024-08-02 09:56:45.405405404,2024-09-01 09:56:45.405405404,NET30,Customs Clearance,20278.94,0.1,2027.89,22306.83,Paid,2024-08-18 09:56:45.405405404,USD,PO-7308
INV-000362,V006,Logistics Provider 6,Last Mile Delivery,2024-08-03 00:14:24.864864864,2024-11-01 00:14:24.864864864,NET90,Cross-Border,41565.55,0.1,4156.56,45722.11,Paid,2024-10-31 00:14:24.864864864,USD,PO-6855
INV-000363,V035,Logistics Provider 35,Freight Forwarder,2024-08-03 14:32:04.324324324,2024-09-02 14:32:04.324324324,NET30,Air Freight,39597.94,0.05,1979.9,41577.84,Approved,,USD,PO-5776
INV-000364,V041,Logistics Provider 41,Warehousing,2024-08-04 04:49:43.783783784,2024-09-03 04:49:43.783783784,NET30,Customs Clearance,31596.85,0.0,0.0,31596.85,Paid,2024-08-25 04:49:43.783783784,USD,PO-1991
INV-000365,V037,Logistics Provider 37,Warehousing,2024-08-04 19:07:23.243243244,2024-11-02 19:07:23.243243244,NET90,Express Delivery,25229.58,0.0,0.0,25229.58,Paid,2024-10-26 19:07:23.243243244,USD,PO-8489
INV-000366,V024,Logistics Provider 24,Freight Forwarder,2024-08-05 09:25:02.702702704,2024-09-19 09:25:02.702702704,NET45,Warehousing,48997.99,0.1,4899.8,53897.79,Paid,2024-09-07 09:25:02.702702704,USD,PO-5689
INV-000367,V029,Logistics Provider 29,Customs Broker,2024-08-05 23:42:42.162162164,2024-09-19 23:42:42.162162164,NET45,Customs Clearance,8103.29,0.1,810.33,8913.62,Rejected,,USD,PO-4741
INV-000368,V049,Logistics Provider 49,Transportation,2024-08-06 14:00:21.621621624,2024-11-04 14:00:21.621621624,NET90,Warehousing,36532.63,0.05,1826.63,38359.26,Approved,,USD,PO-1051
INV-000369,V046,Logistics Provider 46,Freight Forwarder,2024-08-07 04:18:01.081081080,2024-10-06 04:18:01.081081080,NET60,Warehousing,10368.34,0.1,1036.83,11405.17,Approved,,USD,PO-5729
INV-000370,V031,Logistics Provider 31,Customs Broker,2024-08-07 18:35:40.540540540,2024-09-06 18:35:40.540540540,NET30,Warehousing,17574.89,0.05,878.74,18453.63,Paid,2024-09-05 18:35:40.540540540,USD,PO-9429
INV-000371,V035,Logistics Provider 35,Freight Forwarder,2024-08-08 08:53:20.000000000,2024-11-06 08:53:20.000000000,NET90,Last Mile Delivery,16126.24,0.1,1612.62,17738.86,Approved,,USD,PO-7382
INV-000372,V033,Logistics Provider 33,Customs Broker,2024-08-08 23:10:59.459459460,2024-09-07 23:10:59.459459460,NET30,Warehousing,47404.76,0.1,4740.48,52145.24,Pending,,USD,PO-1455
INV-000373,V021,Logistics Provider 21,Customs Broker,2024-08-09 13:28:38.918918920,2024-10-08 13:28:38.918918920,NET60,Warehousing,48400.45,0.1,4840.04,53240.49,Approved,,USD,PO-2190
INV-000374,V032,Logistics Provider 32,Freight Forwarder,2024-08-10 03:46:18.378378380,2024-09-09 03:46:18.378378380,NET30,Express Delivery,9967.76,0.0,0.0,9967.76,Approved,,USD,PO-2617
INV-000375,V023,Logistics Provider 23,Warehousing,2024-08-10 18:03:57.837837840,2024-11-08 18:03:57.837837840,NET90,Air Freight,2079.72,0.0,0.0,2079.72,Approved,,USD,PO-9946
INV-000376,V033,Logistics Provider 33,Customs Broker,2024-08-11 08:21:37.297297296,2024-09-10 08:21:37.297297296,NET30,Road Transport,36280.39,0.0,0.0,36280.39,Approved,,USD,PO-8641
INV-000377,V003,Logistics Provider 3,Warehousing,2024-08-11 22:39:16.756756756,2024-09-25 22:39:16.756756756,NET45,Sea Freight,21481.51,0.1,2148.15,23629.66,Approved,,USD,PO-5282
INV-000378,V018,Logistics Provider 18,Last Mile Delivery,2024-08-12 12:56:56.216216216,2024-10-11 12:56:56.216216216,NET60,Express Delivery,5353.17,0.05,267.66,5620.83,Pending,,USD,PO-8095
INV-000379,V025,Logistics Provider 25,Last Mile Delivery,2024-08-13 03:14:35.675675676,2024-10-12 03:14:35.675675676,NET60,Road Transport,34503.95,0.05,1725.2,36229.15,Paid,2024-10-07 03:14:35.675675676,USD,PO-3994
INV-000380,V042,Logistics Provider 42,Transportation,2024-08-13 17:32:15.135135136,2024-10-12 17:32:15.135135136,NET60,Warehousing,27710.17,0.05,1385.51,29095.68,Paid,2024-09-30 17:32:15.135135136,USD,PO-2904
INV-000381,V031,Logistics Provider 31,Customs Broker,2024-08-14 07:49:54.594594596,2024-11-12 07:49:54.594594596,NET90,Air Freight,49045.32,0.05,2452.27,51497.59,Paid,2024-08-15 07:49:54.594594596,USD,PO-6582
INV-000382,V003,Logistics Provider 3,Warehousing,2024-08-14 22:07:34.054054056,2024-10-13 22:07:34.054054056,NET60,Customs Clearance,12143.07,0.0,0.0,12143.07,Pending,,USD,PO-3199
INV-000383,V040,Logistics Provider 40,Freight Forwarder,2024-08-15 12:25:13.513513516,2024-09-29 12:25:13.513513516,NET45,Air Freight,20794.92,0.0,0.0,20794.92,Approved,,USD,PO-4514
INV-000384,V046,Logistics Provider 46,Freight Forwarder,2024-08-16 02:42:52.972972972,2024-11-14 02:42:52.972972972,NET90,Express Delivery,27584.74,0.1,2758.47,30343.21,Paid,2024-11-03 02:42:52.972972972,USD,PO-2000
INV-000385,V024,Logistics Provider 24,Freight Forwarder,2024-08-16 17:00:32.432432432,2024-09-30 17:00:32.432432432,NET45,Warehousing,39793.3,0.1,3979.33,43772.63,Paid,2024-09-16 17:00:32.432432432,USD,PO-9451
INV-000386,V050,Logistics Provider 50,Transportation,2024-08-17 07:18:11.891891892,2024-09-16 07:18:11.891891892,NET30,Air Freight,27893.09,0.05,1394.65,29287.74,Paid,2024-09-08 07:18:11.891891892,USD,PO-4302
INV-000387,V032,Logistics Provider 32,Freight Forwarder,2024-08-17 21:35:51.351351352,2024-09-16 21:35:51.351351352,NET30,Cross-Border,31032.11,0.0,0.0,31032.11,Approved,,USD,PO-5385
INV-000388,V047,Logistics Provider 47,Freight Forwarder,2024-08-18 11:53:30.810810812,2024-09-17 11:53:30.810810812,NET30,Air Freight,12081.21,0.05,604.06,12685.27,Rejected,,USD,PO-2877
INV-000389,V022,Logistics Provider 22,Customs Broker,2024-08-19 02:11:10.270270272,2024-09-18 02:11:10.270270272,NET30,Warehousing,42499.02,0.1,4249.9,46748.92,Approved,,USD,PO-7712
INV-000390,V023,Logistics Provider 23,Warehousing,2024-08-19 16:28:49.729729732,2024-10-03 16:28:49.729729732,NET45,Last Mile Delivery,22002.9,0.1,2200.29,24203.19,Approved,,USD,PO-9623
INV-000391,V002,Logistics Provider 2,Transportation,2024-08-20 06:46:29.189189188,2024-11-18 06:46:29.189189188,NET90,Cross-Border,7907.02,0.05,395.35,8302.37,Paid,2024-11-04 06:46:29.189189188,USD,PO-5420
INV-000392,V027,Logistics Provider 27,Transportation,2024-08-20 21:04:08.648648648,2024-11-18 21:04:08.648648648,NET90,Air Freight,33545.21,0.1,3354.52,36899.73,Paid,2024-11-06 21:04:08.648648648,USD,PO-8987
INV-000393,V042,Logistics Provider 42,Transportation,2024-08-21 11:21:48.108108108,2024-10-20 11:21:48.108108108,NET60,Sea Freight,11588.43,0.05,579.42,12167.85,Approved,,USD,PO-7815
INV-000394,V002,Logistics Provider 2,Transportation,2024-08-22 01:39:27.567567568,2024-10-06 01:39:27.567567568,NET45,Sea Freight,5780.56,0.0,0.0,5780.56,Approved,,USD,PO-6514
INV-000395,V026,Logistics Provider 26,Warehousing,2024-08-22 15:57:07.027027028,2024-09-21 15:57:07.027027028,NET30,Air Freight,43237.36,0.05,2161.87,45399.23,Paid,2024-09-16 15:57:07.027027028,USD,PO-2532
INV-000396,V017,Logistics Provider 17,Freight Forwarder,2024-08-23 06:14:46.486486488,2024-10-07 06:14:46.486486488,NET45,Last Mile Delivery,23547.95,0.0,0.0,23547.95,Approved,,USD,PO-1064
INV-000397,V040,Logistics Provider 40,Freight Forwarder,2024-08-23 20:32:25.945945948,2024-10-22 20:32:25.945945948,NET60,Customs Clearance,37714.9,0.0,0.0,37714.9,Pending,,USD,PO-1651
INV-000398,V033,Logistics Provider 33,Customs Broker,2024-08-24 10:50:05.405405404,2024-10-23 10:50:05.405405404,NET60,Warehousing,15238.79,0.1,1523.88,16762.67,Approved,,USD,PO-4896
INV-000399,V009,Logistics Provider 9,Transportation,2024-08-25 01:07:44.864864864,2024-10-09 01:07:44.864864864,NET45,Sea Freight,39561.54,0.1,3956.15,43517.69,Paid,2024-10-07 01:07:44.864864864,USD,PO-2433
INV-000400,V043,Logistics Provider 43,Transportation,2024-08-25 15:25:24.324324324,2024-10-09 15:25:24.324324324,NET45,Customs Clearance,6484.86,0.1,648.49,7133.35,Pending,,USD,PO-5320
INV-000401,V048,Logistics Provider 48,Customs Broker,2024-08-26 05:43:03.783783784,2024-10-10 05:43:03.783783784,NET45,Air Freight,18442.7,0.05,922.14,19364.84,Rejected,,USD,PO-6542
INV-000402,V039,Logistics Provider 39,Warehousing,2024-08-26 20:00:43.243243244,2024-11-24 20:00:43.243243244,NET90,Express Delivery,48925.03,0.05,2446.25,51371.28,Paid,2024-11-13 20:00:43.243243244,USD,PO-8281
INV-000403,V029,Logistics Provider 29,Customs Broker,2024-08-27 10:18:22.702702704,2024-09-26 10:18:22.702702704,NET30,Customs Clearance,39905.5,0.1,3990.55,43896.05,Rejected,,USD,PO-4437
INV-000404,V042,Logistics Provider 42,Transportation,2024-08-28 00:36:02.162162164,2024-10-12 00:36:02.162162164,NET45,Cross-Border,25365.54,0.05,1268.28,26633.82,Rejected,,USD,PO-3409
INV-000405,V026,Logistics Provider 26,Warehousing,2024-08-28 14:53:41.621621624,2024-10-12 14:53:41.621621624,NET45,Road Transport,17649.1,0.1,1764.91,19414.01,Approved,,USD,PO-9680
INV-000406,V035,Logistics Provider 35,Freight Forwarder,2024-08-29 05:11:21.081081080,2024-10-13 05:11:21.081081080,NET45,Sea Freight,43734.65,0.05,2186.73,45921.38,Pending,,USD,PO-1293
INV-000407,V050,Logistics Provider 50,Transportation,2024-08-29 19:29:00.540540540,2024-10-28 19:29:00.540540540,NET60,Air Freight,27697.54,0.0,0.0,27697.54,Pending,,USD,PO-7245
INV-000408,V025,Logistics Provider 25,Last Mile Delivery,2024-08-30 09:46:40.000000000,2024-10-29 09:46:40.000000000,NET60,Express Delivery,38162.83,0.0,0.0,38162.83,Approved,,USD,PO-8550
INV-000409,V024,Logistics Provider 24,Freight Forwarder,2024-08-31 00:04:19.459459460,2024-11-29 00:04:19.459459460,NET90,Warehousing,37951.28,0.1,3795.13,41746.41,Paid,2024-11-23 00:04:19.459459460,USD,PO-9608
INV-000410,V013,Logistics Provider 13,Transportation,2024-08-31 14:21:58.918918920,2024-09-30 14:21:58.918918920,NET30,Express Delivery,1879.34,0.05,93.97,1973.31,Approved,,USD,PO-1902
INV-000411,V007,Logistics Provider 7,Freight Forwarder,2024-09-01 04:39:38.378378380,2024-11-30 04:39:38.378378380,NET90,Last Mile Delivery,7186.44,0.05,359.32,7545.76,Approved,,USD,PO-7329
INV-000412,V036,Logistics Provider 36,Transportation,2024-09-01 18:57:17.837837840,2024-10-01 18:57:17.837837840,NET30,Cross-Border,33321.84,0.0,0.0,33321.84,Approved,,USD,PO-4929
INV-000413,V045,Logistics Provider 45,Customs Broker,2024-09-02 09:14:57.297297296,2024-11-01 09:14:57.297297296,NET60,Air Freight,8919.37,0.0,0.0,8919.37,Rejected,,USD,PO-1376
INV-000414,V020,Logistics Provider 20,Warehousing,2024-09-02 23:32:36.756756756,2024-11-01 23:32:36.756756756,NET60,Warehousing,13519.17,0.1,1351.92,14871.09,Pending,,USD,PO-8817
INV-000415,V001,Logistics Provider 1,Last Mile Delivery,2024-09-03 13:50:16.216216216,2024-11-02 13:50:16.216216216,NET60,Last Mile Delivery,47385.26,0.0,0.0,47385.26,Pending,,USD,PO-6220
INV-000416,V008,Logistics Provider 8,Customs Broker,2024-09-04 04:07:55.675675676,2024-12-03 04:07:55.675675676,NET90,Last Mile Delivery,28448.93,0.1,2844.89,31293.82,Pending,,USD,PO-4411
INV-000417,V046,Logistics Provider 46,Freight Forwarder,2024-09-04 18:25:35.135135136,2024-10-19 18:25:35.135135136,NET45,Air Freight,37785.75,0.0,0.0,37785.75,Rejected,,USD,PO-1754
INV-000418,V016,Logistics Provider 16,Warehousing,2024-09-05 08:43:14.594594596,2024-10-20 08:43:14.594594596,NET45,Cross-Border,28341.06,0.0,0.0,28341.06,Paid,2024-10-11 08:43:14.594594596,USD,PO-3428
INV-000419,V014,Logistics Provider 14,Customs Broker,2024-09-05 23:00:54.054054056,2024-11-04 23:00:54.054054056,NET60,Customs Clearance,28073.17,0.05,1403.66,29476.83,Approved,,USD,PO-4188
INV-000420,V012,Logistics Provider 12,Last Mile Delivery,2024-09-06 13:18:33.513513516,2024-10-21 13:18:33.513513516,NET45,Customs Clearance,5613.44,0.0,0.0,5613.44,Pending,,USD,PO-9235
INV-000421,V023,Logistics Provider 23,Warehousing,2024-09-07 03:36:12.972972972,2024-10-22 03:36:12.972972972,NET45,Last Mile Delivery,17839.5,0.0,0.0,17839.5,Approved,,USD,PO-2191
INV-000422,V015,Logistics Provider 15,Last Mile Delivery,2024-09-07 17:53:52.432432432,2024-12-06 17:53:52.432432432,NET90,Customs Clearance,14839.11,0.1,1483.91,16323.02,Pending,,USD,PO-7852
INV-000423,V028,Logistics Provider 28,Freight Forwarder,2024-09-08 08:11:31.891891892,2024-10-08 08:11:31.891891892,NET30,Road Transport,20145.69,0.0,0.0,20145.69,Rejected,,USD,PO-8858
INV-000424,V034,Logistics Provider 34,Warehousing,2024-09-08 22:29:11.351351352,2024-11-07 22:29:11.351351352,NET60,Last Mile Delivery,40118.87,0.1,4011.89,44130.76,Paid,2024-10-31 22:29:11.351351352,USD,PO-8482
INV-000425,V002,Logistics Provider 2,Transportation,2024-09-09 12:46:50.810810812,2024-11-08 12:46:50.810810812,NET60,Last Mile Delivery,19224.7,0.0,0.0,19224.7,Approved,,USD,PO-7306
INV-000426,V032,Logistics Provider 32,Freight Forwarder,2024-09-10 03:04:30.270270272,2024-12-09 03:04:30.270270272,NET90,Warehousing,23133.14,0.0,0.0,23133.14,Paid,2024-12-06 03:04:30.270270272,USD,PO-5858
INV-000427,V023,Logistics Provider 23,Warehousing,2024-09-10 17:22:09.729729732,2024-12-09 17:22:09.729729732,NET90,Customs Clearance,20471.69,0.1,2047.17,22518.86,Approved,,USD,PO-9864
INV-000428,V022,Logistics Provider 22,Customs Broker,2024-09-11 07:39:49.189189188,2024-10-26 07:39:49.189189188,NET45,Cross-Border,5576.99,0.05,278.85,5855.84,Paid,2024-10-26 07:39:49.189189188,USD,PO-2846
INV-000429,V025,Logistics Provider 25,Last Mile Delivery,2024-09-11 21:57:28.648648648,2024-11-10 21:57:28.648648648,NET60,Last Mile Delivery,22612.54,0.1,2261.25,24873.79,Paid,2024-11-07 21:57:28.648648648,USD,PO-1680
INV-000430,V022,Logistics Provider 22,Customs Broker,2024-09-12 12:15:08.108108108,2024-10-12 12:15:08.108108108,NET30,Express Delivery,10584.85,0.1,1058.49,11643.34,Approved,,USD,PO-2019
INV-000431,V022,Logistics Provider 22,Customs Broker,2024-09-13 02:32:47.567567568,2024-12-12 02:32:47.567567568,NET90,Cross-Border,10149.44,0.1,1014.94,11164.38,Paid,2024-12-07 02:32:47.567567568,USD,PO-3927
INV-000432,V049,Logistics Provider 49,Transportation,2024-09-13 16:50:27.027027028,2024-10-13 16:50:27.027027028,NET30,Road Transport,5607.77,0.05,280.39,5888.16,Approved,,USD,PO-6622
INV-000433,V042,Logistics Provider 42,Transportation,2024-09-14 07:08:06.486486488,2024-10-14 07:08:06.486486488,NET30,Warehousing,18476.88,0.0,0.0,18476.88,Approved,,USD,PO-5628
INV-000434,V006,Logistics Provider 6,Last Mile Delivery,2024-09-14 21:25:45.945945948,2024-11-13 21:25:45.945945948,NET60,Air Freight,38116.61,0.1,3811.66,41928.27,Pending,,USD,PO-7112
INV-000435,V015,Logistics Provider 15,Last Mile Delivery,2024-09-15 11:43:25.405405408,2024-11-14 11:43:25.405405408,NET60,Cross-Border,14545.64,0.1,1454.56,16000.2,Approved,,USD,PO-2915
INV-000436,V043,Logistics Provider 43,Transportation,2024-09-16 02:01:04.864864864,2024-12-15 02:01:04.864864864,NET90,Last Mile Delivery,16305.11,0.05,815.26,17120.37,Paid,2024-12-08 02:01:04.864864864,USD,PO-6071
INV-000437,V037,Logistics Provider 37,Warehousing,2024-09-16 16:18:44.324324324,2024-11-15 16:18:44.324324324,NET60,Road Transport,32491.06,0.1,3249.11,35740.17,Rejected,,USD,PO-6191
INV-000438,V033,Logistics Provider 33,Customs Broker,2024-09-17 06:36:23.783783784,2024-11-16 06:36:23.783783784,NET60,Sea Freight,10596.2,0.0,0.0,10596.2,Paid,2024-11-06 06:36:23.783783784,USD,PO-4843
INV-000439,V008,Logistics Provider 8,Customs Broker,2024-09-17 20:54:03.243243244,2024-11-16 20:54:03.243243244,NET60,Road Transport,44950.94,0.05,2247.55,47198.49,Paid,2024-11-04 20:54:03.243243244,USD,PO-8590
INV-000440,V044,Logistics Provider 44,Last Mile Delivery,2024-09-18 11:11:42.702702704,2024-10-18 11:11:42.702702704,NET30,Road Transport,26489.34,0.0,0.0,26489.34,Paid,2024-10-04 11:11:42.702702704,USD,PO-4575
INV-000441,V044,Logistics Provider 44,Last Mile Delivery,2024-09-19 01:29:22.162162164,2024-12-18 01:29:22.162162164,NET90,Warehousing,22932.54,0.0,0.0,22932.54,Pending,,USD,PO-5922
INV-000442,V005,Logistics Provider 5,Warehousing,2024-09-19 15:47:01.621621624,2024-11-03 15:47:01.621621624,NET45,Air Freight,28333.19,0.05,1416.66,29749.85,Approved,,USD,PO-7175
INV-000443,V039,Logistics Provider 39,Warehousing,2024-09-20 06:04:41.081081080,2024-10-20 06:04:41.081081080,NET30,Sea Freight,9135.68,0.1,913.57,10049.25,Pending,,USD,PO-9539
INV-000444,V004,Logistics Provider 4,Transportation,2024-09-20 20:22:20.540540540,2024-11-19 20:22:20.540540540,NET60,Customs Clearance,31060.18,0.0,0.0,31060.18,Paid,2024-11-04 20:22:20.540540540,USD,PO-9459
INV-000445,V006,Logistics Provider 6,Last Mile Delivery,2024-09-21 10:40:00.000000000,2024-10-21 10:40:00.000000000,NET30,Customs Clearance,18791.94,0.0,0.0,18791.94,Rejected,,USD,PO-6705
INV-000446,V045,Logistics Provider 45,Customs Broker,2024-09-22 00:57:39.459459460,2024-11-21 00:57:39.459459460,NET60,Cross-Border,44962.13,0.0,0.0,44962.13,Pending,,USD,PO-6620
INV-000447,V032,Logistics Provider 32,Freight Forwarder,2024-09-22 15:15:18.918918920,2024-11-21 15:15:18.918918920,NET60,Road Transport,9273.86,0.0,0.0,9273.86,Paid,2024-11-15 15:15:18.918918920,USD,PO-7030
INV-000448,V030,Logistics Provider 30,Warehousing,2024-09-23 05:32:58.378378380,2024-10-23 05:32:58.378378380,NET30,Express Delivery,25845.5,0.05,1292.28,27137.78,Paid,2024-10-23 05:32:58.378378380,USD,PO-2303
INV-000449,V047,Logistics Provider 47,Freight Forwarder,2024-09-23 19:50:37.837837840,2024-12-22 19:50:37.837837840,NET90,Warehousing,30307.52,0.05,1515.38,31822.9,Paid,2024-12-16 19:50:37.837837840,USD,PO-7742
INV-000450,V035,Logistics Provider 35,Freight Forwarder,2024-09-24 10:08:17.297297296,2024-11-23 10:08:17.297297296,NET60,Express Delivery,2635.8,0.0,0.0,2635.8,Approved,,USD,PO-6306
INV-000451,V040,Logistics Provider 40,Freight Forwarder,2024-09-25 00:25:56.756756756,2024-12-24 00:25:56.756756756,NET90,Warehousing,94104.79999999999,0.1,9410.48,103515.28,Approved,,USD,PO-2091
INV-000452,V016,Logistics Provider 16,Warehousing,2024-09-25 14:43:36.216216216,2024-11-09 14:43:36.216216216,NET45,Customs Clearance,36899.13,0.0,0.0,36899.13,Pending,,USD,PO-3262
INV-000453,V013,Logistics Provider 13,Transportation,2024-09-26 05:01:15.675675676,2024-11-25 05:01:15.675675676,NET60,Cross-Border,41198.5,0.1,4119.85,45318.35,Approved,,USD,PO-6373
INV-000454,V050,Logistics Provider 50,Transportation,2024-09-26 19:18:55.135135136,2024-12-25 19:18:55.135135136,NET90,Cross-Border,16344.94,0.0,0.0,16344.94,Pending,,USD,PO-3111
INV-000455,V042,Logistics Provider 42,Transportation,2024-09-27 09:36:34.594594596,2024-12-26 09:36:34.594594596,NET90,Cross-Border,40131.07,0.1,4013.11,44144.18,Paid,2024-12-14 09:36:34.594594596,USD,PO-5210
INV-000456,V030,Logistics Provider 30,Warehousing,2024-09-27 23:54:14.054054056,2024-11-11 23:54:14.054054056,NET45,Sea Freight,48420.04,0.0,0.0,48420.04,Pending,,USD,PO-3533
INV-000457,V019,Logistics Provider 19,Freight Forwarder,2024-09-28 14:11:53.513513516,2024-12-27 14:11:53.513513516,NET90,Air Freight,42986.82,0.1,4298.68,47285.5,Paid,2024-12-25 14:11:53.513513516,USD,PO-8992
INV-000458,V017,Logistics Provider 17,Freight Forwarder,2024-09-29 04:29:32.972972972,2024-12-28 04:29:32.972972972,NET90,Sea Freight,6764.56,0.0,0.0,6764.56,Paid,2024-12-17 04:29:32.972972972,USD,PO-7238
INV-000459,V019,Logistics Provider 19,Freight Forwarder,2024-09-29 18:47:12.432432432,2024-11-13 18:47:12.432432432,NET45,Last Mile Delivery,37246.79,0.0,0.0,37246.79,Paid,2024-11-12 18:47:12.432432432,USD,PO-2036
INV-000460,V028,Logistics Provider 28,Freight Forwarder,2024-09-30 09:04:51.891891892,2024-11-29 09:04:51.891891892,NET60,Last Mile Delivery,16663.67,0.1,1666.37,18330.04,Approved,,USD,PO-4949
INV-000461,V026,Logistics Provider 26,Warehousing,2024-09-30 23:22:31.351351352,2024-12-29 23:22:31.351351352,NET90,Express Delivery,49432.38,0.05,2471.62,51904.0,Paid,2024-12-19 23:22:31.351351352,USD,PO-1955
INV-000462,V037,Logistics Provider 37,Warehousing,2024-10-01 13:40:10.810810812,2024-12-30 13:40:10.810810812,NET90,Air Freight,24782.59,0.1,2478.26,27260.85,Rejected,,USD,PO-2007
INV-000463,V026,Logistics Provider 26,Warehousing,2024-10-02 03:57:50.270270272,2024-12-31 03:57:50.270270272,NET90,Customs Clearance,6999.26,0.05,349.96,7349.22,Pending,,USD,PO-6858
INV-000464,V023,Logistics Provider 23,Warehousing,2024-10-02 18:15:29.729729732,2024-11-01 18:15:29.729729732,NET30,Air Freight,36534.09,0.0,0.0,36534.09,Approved,,USD,PO-1417
INV-000465,V009,Logistics Provider 9,Transportation,2024-10-03 08:33:09.189189188,2024-11-17 08:33:09.189189188,NET45,Warehousing,16827.55,0.1,1682.76,18510.31,Paid,2024-11-17 08:33:09.189189188,USD,PO-5188
INV-000466,V012,Logistics Provider 12,Last Mile Delivery,2024-10-03 22:50:48.648648648,2024-11-02 22:50:48.648648648,NET30,Last Mile Delivery,49856.83,0.1,4985.68,54842.51,Pending,,USD,PO-9906
INV-000467,V001,Logistics Provider 1,Last Mile Delivery,2024-10-04 13:08:28.108108108,2024-11-18 13:08:28.108108108,NET45,Road Transport,49009.34,0.1,4900.93,53910.27,Pending,,USD,PO-5748
INV-000468,V001,Logistics Provider 1,Last Mile Delivery,2024-10-05 03:26:07.567567568,2024-12-04 03:26:07.567567568,NET60,Road Transport,33150.57,0.05,1657.53,34808.1,Approved,,USD,PO-2137
INV-000469,V047,Logistics Provider 47,Freight Forwarder,2024-10-05 17:43:47.027027028,2024-12-04 17:43:47.027027028,NET60,Customs Clearance,7361.5,0.05,368.08,7729.58,Pending,,USD,PO-4441
INV-000470,V034,Logistics Provider 34,Warehousing,2024-10-06 08:01:26.486486488,2025-01-04 08:01:26.486486488,NET90,Warehousing,34656.19,0.0,0.0,34656.19,Paid,2024-12-25 08:01:26.486486488,USD,PO-8079
INV-000471,V032,Logistics Provider 32,Freight Forwarder,2024-10-06 22:19:05.945945948,2024-11-20 22:19:05.945945948,NET45,Express Delivery,5558.49,0.05,277.92,5836.41,Approved,,USD,PO-1071
INV-000472,V048,Logistics Provider 48,Customs Broker,2024-10-07 12:36:45.405405408,2024-12-06 12:36:45.405405408,NET60,Sea Freight,2438.84,0.05,121.94,2560.78,Paid,2024-12-05 12:36:45.405405408,USD,PO-2456
INV-000473,V025,Logistics Provider 25,Last Mile Delivery,2024-10-08 02:54:24.864864864,2024-11-22 02:54:24.864864864,NET45,Warehousing,41324.96,0.0,0.0,41324.96,Paid,2024-11-15 02:54:24.864864864,USD,PO-2360
INV-000474,V040,Logistics Provider 40,Freight Forwarder,2024-10-08 17:12:04.324324324,2024-12-07 17:12:04.324324324,NET60,Road Transport,11277.89,0.1,1127.79,12405.68,Paid,2024-12-03 17:12:04.324324324,USD,PO-1140
INV-000475,V045,Logistics Provider 45,Customs Broker,2024-10-09 07:29:43.783783784,2024-11-08 07:29:43.783783784,NET30,Road Transport,19572.33,0.1,1957.23,21529.56,Paid,2024-11-06 07:29:43.783783784,USD,PO-5273
INV-000476,V001,Logistics Provider 1,Last Mile Delivery,2024-10-09 21:47:23.243243244,2024-12-08 21:47:23.243243244,NET60,Express Delivery,48699.41,0.0,0.0,48699.41,Paid,2024-12-01 21:47:23.243243244,USD,PO-6181
INV-000477,V016,Logistics Provider 16,Warehousing,2024-10-10 12:05:02.702702704,2024-11-09 12:05:02.702702704,NET30,Last Mile Delivery,17505.18,0.1,1750.52,19255.7,Approved,,USD,PO-8644
INV-000478,V039,Logistics Provider 39,Warehousing,2024-10-11 02:22:42.162162164,2024-12-10 02:22:42.162162164,NET60,Warehousing,15528.0,0.05,776.4,16304.4,Paid,2024-11-26 02:22:42.162162164,USD,PO-4440
INV-000479,V005,Logistics Provider 5,Warehousing,2024-10-11 16:40:21.621621624,2025-01-09 16:40:21.621621624,NET90,Warehousing,45992.19,0.0,0.0,45992.19,Paid,2024-12-27 16:40:21.621621624,USD,PO-8829
INV-000480,V022,Logistics Provider 22,Customs Broker,2024-10-12 06:58:01.081081080,2024-11-11 06:58:01.081081080,NET30,Road Transport,6426.67,0.0,0.0,6426.67,Paid,2024-11-06 06:58:01.081081080,USD,PO-5211
INV-000481,V029,Logistics Provider 29,Customs Broker,2024-10-12 21:15:40.540540540,2024-12-11 21:15:40.540540540,NET60,Sea Freight,38219.54,0.0,0.0,38219.54,Paid,2024-12-05 21:15:40.540540540,USD,PO-9162
INV-000482,V003,Logistics Provider 3,Warehousing,2024-10-13 11:33:20.000000000,2025-01-11 11:33:20.000000000,NET90,Customs Clearance,49415.21,0.1,4941.52,54356.73,Approved,,USD,PO-2159
INV-000483,V012,Logistics Provider 12,Last Mile Delivery,2024-10-14 01:50:59.459459460,2024-11-13 01:50:59.459459460,NET30,Cross-Border,45163.5,0.0,0.0,45163.5,Approved,,USD,PO-2134
INV-000484,V026,Logistics Provider 26,Warehousing,2024-10-14 16:08:38.918918920,2025-01-12 16:08:38.918918920,NET90,Customs Clearance,32931.73,0.0,0.0,32931.73,Paid,2025-01-02 16:08:38.918918920,USD,PO-5742
INV-000485,V016,Logistics Provider 16,Warehousing,2024-10-15 06:26:18.378378380,2024-11-29 06:26:18.378378380,NET45,Warehousing,16388.98,0.0,0.0,16388.98,Pending,,USD,PO-9551
INV-000486,V037,Logistics Provider 37,Warehousing,2024-10-15 20:43:57.837837840,2024-11-29 20:43:57.837837840,NET45,Customs Clearance,13461.78,0.1,1346.18,14807.96,Paid,2024-11-23 20:43:57.837837840,USD,PO-6393
INV-000487,V022,Logistics Provider 22,Customs Broker,2024-10-16 11:01:37.297297300,2024-11-15 11:01:37.297297300,NET30,Road Transport,41143.5,0.05,2057.18,43200.68,Approved,,USD,PO-4338
INV-000488,V029,Logistics Provider 29,Customs Broker,2024-10-17 01:19:16.756756756,2024-12-16 01:19:16.756756756,NET60,Road Transport,44111.27,0.0,0.0,44111.27,Pending,,USD,PO-2988
INV-000489,V014,Logistics Provider 14,Customs Broker,2024-10-17 15:36:56.216216216,2024-11-16 15:36:56.216216216,NET30,Express Delivery,26746.31,0.05,1337.32,28083.63,Pending,,USD,PO-7370
INV-000490,V028,Logistics Provider 28,Freight Forwarder,2024-10-18 05:54:35.675675676,2025-01-16 05:54:35.675675676,NET90,Warehousing,12972.66,0.1,1297.27,14269.93,Pending,,USD,PO-2986
INV-000491,V005,Logistics Provider 5,Warehousing,2024-10-18 20:12:15.135135136,2024-12-17 20:12:15.135135136,NET60,Express Delivery,6534.22,0.1,653.42,7187.64,Paid,2024-12-17 20:12:15.135135136,USD,PO-1141
INV-000492,V047,Logistics Provider 47,Freight Forwarder,2024-10-19 10:29:54.594594596,2024-12-03 10:29:54.594594596,NET45,Warehousing,5271.79,0.1,527.18,5798.97,Approved,,USD,PO-7478
INV-000493,V049,Logistics Provider 49,Transportation,2024-10-20 00:47:34.054054056,2024-12-19 00:47:34.054054056,NET60,Cross-Border,36234.79,0.1,3623.48,39858.27,Rejected,,USD,PO-6811
INV-000494,V030,Logistics Provider 30,Warehousing,2024-10-20 15:05:13.513513516,2024-12-04 15:05:13.513513516,NET45,Cross-Border,21585.82,0.05,1079.29,22665.11,Paid,2024-12-01 15:05:13.513513516,USD,PO-3119
INV-000495,V046,Logistics Provider 46,Freight Forwarder,2024-10-21 05:22:52.972972972,2024-12-20 05:22:52.972972972,NET60,Last Mile Delivery,45362.63,0.0,0.0,45362.63,Pending,,USD,PO-4690
INV-000496,V005,Logistics Provider 5,Warehousing,2024-10-21 19:40:32.432432432,2024-12-20 19:40:32.432432432,NET60,Warehousing,37243.89,0.1,3724.39,40968.28,Paid,2024-12-06 19:40:32.432432432,USD,PO-5178
INV-000497,V012,Logistics Provider 12,Last Mile Delivery,2024-10-22 09:58:11.891891892,2024-12-21 09:58:11.891891892,NET60,Sea Freight,10371.76,0.1,1037.18,11408.94,Paid,2024-12-20 09:58:11.891891892,USD,PO-3640
INV-000498,V016,Logistics Provider 16,Warehousing,2024-10-23 00:15:51.351351352,2025-01-21 00:15:51.351351352,NET90,Customs Clearance,31075.09,0.05,1553.75,32628.84,Paid,2025-01-09 00:15:51.351351352,USD,PO-3792
INV-000499,V026,Logistics Provider 26,Warehousing,2024-10-23 14:33:30.810810812,2025-01-21 14:33:30.810810812,NET90,Warehousing,22339.77,0.05,1116.99,23456.76,Pending,,USD,PO-3016
INV-000500,V026,Logistics Provider 26,Warehousing,2024-10-24 04:51:10.270270272,2024-11-23 04:51:10.270270272,NET30,Air Freight,29285.24,0.1,2928.52,32213.76,Paid,2024-11-10 04:51:10.270270272,USD,PO-9877
INV-000501,V048,Logistics Provider 48,Customs Broker,2024-10-24 19:08:49.729729732,2024-11-23 19:08:49.729729732,NET30,Last Mile Delivery,37165.39,0.0,0.0,37165.39,Paid,2024-11-11 19:08:49.729729732,USD,PO-4205
INV-000502,V021,Logistics Provider 21,Customs Broker,2024-10-25 09:26:29.189189188,2024-12-09 09:26:29.189189188,NET45,Air Freight,40503.6,0.0,0.0,40503.6,Pending,,USD,PO-7986
INV-000503,V039,Logistics Provider 39,Warehousing,2024-10-25 23:44:08.648648648,2025-01-23 23:44:08.648648648,NET90,Road Transport,42343.13,0.1,4234.31,46577.44,Pending,,USD,PO-5751
INV-000504,V036,Logistics Provider 36,Transportation,2024-10-26 14:01:48.108108108,2024-12-10 14:01:48.108108108,NET45,Cross-Border,13444.77,0.05,672.24,14117.01,Paid,2024-11-29 14:01:48.108108108,USD,PO-6223
INV-000505,V033,Logistics Provider 33,Customs Broker,2024-10-27 04:19:27.567567568,2024-11-26 04:19:27.567567568,NET30,Customs Clearance,2524.66,0.1,252.47,2777.13,Pending,,USD,PO-4075
INV-000506,V030,Logistics Provider 30,Warehousing,2024-10-27 18:37:07.027027028,2024-12-11 18:37:07.027027028,NET45,Warehousing,37225.44,0.1,3722.54,40947.98,Paid,2024-12-03 18:37:07.027027028,USD,PO-9693
INV-000507,V037,Logistics Provider 37,Warehousing,2024-10-28 08:54:46.486486488,2024-11-27 08:54:46.486486488,NET30,Air Freight,6210.84,0.05,310.54,6521.38,Approved,,USD,PO-4564
INV-000508,V023,Logistics Provider 23,Warehousing,2024-10-28 23:12:25.945945948,2025-01-26 23:12:25.945945948,NET90,Customs Clearance,16431.06,0.1,1643.11,18074.17,Rejected,,USD,PO-6671
INV-000509,V010,Logistics Provider 10,Last Mile Delivery,2024-10-29 13:30:05.405405408,2024-12-28 13:30:05.405405408,NET60,Road Transport,1187.04,0.1,118.7,1305.74,Paid,2024-12-24 13:30:05.405405408,USD,PO-2106
INV-000510,V005,Logistics Provider 5,Warehousing,2024-10-30 03:47:44.864864864,2025-01-28 03:47:44.864864864,NET90,Cross-Border,34093.84513083458,0.1,3409.38,37503.23,Pending,,USD,PO-9332
INV-000510,V005,Logistics Provider 5,Warehousing,2024-10-30 03:47:44.864864864,2025-01-28 03:47:44.864864864,NET90,Cross-Border,34401.8,0.1,3440.18,37841.98,Pending,,USD,PO-9332
INV-000511,V036,Logistics Provider 36,Transportation,2024-10-30 18:05:24.324324324,2024-12-14 18:05:24.324324324,NET45,Sea Freight,9189.47,0.05,459.47,9648.94,Pending,,USD,PO-4069
INV-000512,V034,Logistics Provider 34,Warehousing,2024-10-31 08:23:03.783783784,2024-12-15 08:23:03.783783784,NET45,Last Mile Delivery,33108.84,0.0,0.0,33108.84,Paid,2024-12-05 08:23:03.783783784,USD,PO-6933
INV-000513,V031,Logistics Provider 31,Customs Broker,2024-10-31 22:40:43.243243244,2025-01-29 22:40:43.243243244,NET90,Customs Clearance,49595.39,0.0,0.0,49595.39,Paid,2025-01-22 22:40:43.243243244,USD,PO-1199
INV-000514,V010,Logistics Provider 10,Last Mile Delivery,2024-11-01 12:58:22.702702704,2025-01-30 12:58:22.702702704,NET90,Customs Clearance,4560.87,0.05,228.04,4788.91,Paid,2025-01-24 12:58:22.702702704,USD,PO-8977
INV-000515,V019,Logistics Provider 19,Freight Forwarder,2024-11-02 03:16:02.162162164,2024-12-02 03:16:02.162162164,NET30,Sea Freight,4776.82,0.0,0.0,4776.82,Approved,,USD,PO-7143
INV-000516,V032,Logistics Provider 32,Freight Forwarder,2024-11-02 17:33:41.621621624,2024-12-17 17:33:41.621621624,NET45,Customs Clearance,17678.62,0.1,1767.86,19446.48,Approved,,USD,PO-1515
INV-000517,V001,Logistics Provider 1,Last Mile Delivery,2024-11-03 07:51:21.081081080,2024-12-18 07:51:21.081081080,NET45,Road Transport,43452.94,0.0,0.0,43452.94,Pending,,USD,PO-3866
INV-000518,V005,Logistics Provider 5,Warehousing,2024-11-03 22:09:00.540540540,2025-02-01 22:09:00.540540540,NET90,Road Transport,11560.96,0.1,1156.1,12717.06,Paid,2025-01-21 22:09:00.540540540,USD,PO-5103
INV-000519,V045,Logistics Provider 45,Customs Broker,2024-11-04 12:26:40.000000000,2025-01-03 12:26:40.000000000,NET60,Sea Freight,18658.51,0.0,0.0,18658.51,Pending,,USD,PO-2041
INV-000520,V004,Logistics Provider 4,Transportation,2024-11-05 02:44:19.459459460,2024-12-20 02:44:19.459459460,NET45,Last Mile Delivery,4356.76,0.05,217.84,4574.6,Approved,,USD,PO-9141
INV-000521,V016,Logistics Provider 16,Warehousing,2024-11-05 17:01:58.918918920,2025-01-04 17:01:58.918918920,NET60,Warehousing,38394.61,0.0,0.0,38394.61,Paid,2025-01-03 17:01:58.918918920,USD,PO-5723
INV-000522,V024,Logistics Provider 24,Freight Forwarder,2024-11-06 07:19:38.378378380,2025-02-04 07:19:38.378378380,NET90,Air Freight,21007.01,0.0,0.0,21007.01,Rejected,,USD,PO-9713
INV-000523,V016,Logistics Provider 16,Warehousing,2024-11-06 21:37:17.837837840,2025-02-04 21:37:17.837837840,NET90,Warehousing,38203.19,0.0,0.0,38203.19,Approved,,USD,PO-8524
INV-000524,V002,Logistics Provider 2,Transportation,2024-11-07 11:54:57.297297300,2024-12-07 11:54:57.297297300,NET30,Customs Clearance,45276.78,0.05,2263.84,47540.62,Approved,,USD,PO-7553
INV-000525,V049,Logistics Provider 49,Transportation,2024-11-08 02:12:36.756756756,2024-12-23 02:12:36.756756756,NET45,Air Freight,12405.39,0.0,0.0,12405.39,Paid,2024-12-15 02:12:36.756756756,USD,PO-7896
INV-000526,V028,Logistics Provider 28,Freight Forwarder,2024-11-08 16:30:16.216216216,2025-01-07 16:30:16.216216216,NET60,Express Delivery,40562.41,0.05,2028.12,42590.53,Paid,2024-12-29 16:30:16.216216216,USD,PO-7554
INV-000527,V032,Logistics Provider 32,Freight Forwarder,2024-11-09 06:47:55.675675676,2024-12-09 06:47:55.675675676,NET30,Sea Freight,3895.6,0.1,389.56,4285.16,Approved,,USD,PO-7509
INV-000528,V027,Logistics Provider 27,Transportation,2024-11-09 21:05:35.135135136,2024-12-24 21:05:35.135135136,NET45,Sea Freight,45043.52,0.0,0.0,45043.52,Rejected,,USD,PO-5440
INV-000529,V020,Logistics Provider 20,Warehousing,2024-11-10 11:23:14.594594596,2024-12-10 11:23:14.594594596,NET30,Last Mile Delivery,32887.66,0.05,1644.38,34532.04,Paid,2024-11-11 11:23:14.594594596,USD,PO-3085
INV-000530,V024,Logistics Provider 24,Freight Forwarder,2024-11-11 01:40:54.054054056,2025-02-09 01:40:54.054054056,NET90,Air Freight,43837.11,0.05,2191.86,46028.97,Approved,,USD,PO-6067
INV-000531,V012,Logistics Provider 12,Last Mile Delivery,2024-11-11 15:58:33.513513516,2024-12-26 15:58:33.513513516,NET45,Road Transport,1009.23,0.0,0.0,1009.23,Approved,,USD,PO-5158
INV-000532,V050,Logistics Provider 50,Transportation,2024-11-12 06:16:12.972972972,2024-12-12 06:16:12.972972972,NET30,Air Freight,9284.97,0.1,928.5,10213.47,Paid,2024-11-28 06:16:12.972972972,USD,PO-3831
INV-000533,V035,Logistics Provider 35,Freight Forwarder,2024-11-12 20:33:52.432432432,2024-12-12 20:33:52.432432432,NET30,Customs Clearance,20098.21,0.05,1004.91,21103.12,Paid,2024-12-08 20:33:52.432432432,USD,PO-9039
INV-000534,V033,Logistics Provider 33,Customs Broker,2024-11-13 10:51:31.891891892,2025-01-12 10:51:31.891891892,NET60,Road Transport,19595.64,0.0,0.0,19595.64,Pending,,USD,PO-6189
INV-000535,V033,Logistics Provider 33,Customs Broker,2024-11-14 01:09:11.351351352,2024-12-14 01:09:11.351351352,NET30,Cross-Border,12109.79,0.1,1210.98,13320.77,Paid,2024-12-11 01:09:11.351351352,USD,PO-7379
INV-000536,V043,Logistics Provider 43,Transportation,2024-11-14 15:26:50.810810812,2024-12-29 15:26:50.810810812,NET45,Cross-Border,19698.99,0.05,984.95,20683.94,Paid,2024-12-23 15:26:50.810810812,USD,PO-1655
INV-000537,V037,Logistics Provider 37,Warehousing,2024-11-15 05:44:30.270270272,2024-12-30 05:44:30.270270272,NET45,Express Delivery,7313.59,0.05,365.68,7679.27,Approved,,USD,PO-5092
INV-000538,V012,Logistics Provider 12,Last Mile Delivery,2024-11-15 20:02:09.729729732,2025-01-14 20:02:09.729729732,NET60,Cross-Border,21225.3,0.1,2122.53,23347.83,Paid,2025-01-10 20:02:09.729729732,USD,PO-3352
INV-000539,V003,Logistics Provider 3,Warehousing,2024-11-16 10:19:49.189189188,2024-12-31 10:19:49.189189188,NET45,Sea Freight,39558.23386623905,0.1,3955.82,43514.05,Rejected,,USD,PO-6355
INV-000539,V003,Logistics Provider 3,Warehousing,2024-11-16 10:19:49.189189188,2024-12-31 10:19:49.189189188,NET45,Sea Freight,40315.36,0.1,4031.54,44346.9,Rejected,,USD,PO-6355
INV-000540,V001,Logistics Provider 1,Last Mile Delivery,2024-11-17 00:37:28.648648648,2025-02-15 00:37:28.648648648,NET90,Air Freight,24474.43,0.0,0.0,24474.43,Pending,,USD,PO-9994
INV-000541,V033,Logistics Provider 33,Customs Broker,2024-11-17 14:55:08.108108108,2025-01-01 14:55:08.108108108,NET45,Cross-Border,1882.0,0.0,0.0,1882.0,Approved,,USD,PO-8414
INV-000542,V040,Logistics Provider 40,Freight Forwarder,2024-11-18 05:12:47.567567568,2025-01-02 05:12:47.567567568,NET45,Warehousing,21650.76,0.05,1082.54,22733.3,Approved,,USD,PO-6643
INV-000543,V010,Logistics Provider 10,Last Mile Delivery,2024-11-18 19:30:27.027027028,2024-12-18 19:30:27.027027028,NET30,Last Mile Delivery,2331.58,0.1,233.16,2564.74,Paid,2024-12-06 19:30:27.027027028,USD,PO-1877
INV-000544,V043,Logistics Provider 43,Transportation,2024-11-19 09:48:06.486486488,2024-12-19 09:48:06.486486488,NET30,Warehousing,48345.93,0.1,4834.59,53180.52,Rejected,,USD,PO-5009
INV-000545,V044,Logistics Provider 44,Last Mile Delivery,2024-11-20 00:05:45.945945948,2025-01-04 00:05:45.945945948,NET45,Cross-Border,7245.24,0.1,724.52,7969.76,Approved,,USD,PO-5483
INV-000546,V029,Logistics Provider 29,Customs Broker,2024-11-20 14:23:25.405405408,2025-01-19 14:23:25.405405408,NET60,Express Delivery,35676.73,0.05,1783.84,37460.57,Paid,2025-01-10 14:23:25.405405408,USD,PO-5127
INV-000547,V013,Logistics Provider 13,Transportation,2024-11-21 04:41:04.864864864,2024-12-21 04:41:04.864864864,NET30,Last Mile Delivery,48666.04,0.1,4866.6,53532.64,Paid,2024-12-11 04:41:04.864864864,USD,PO-4890
INV-000548,V012,Logistics Provider 12,Last Mile Delivery,2024-11-21 18:58:44.324324324,2025-01-20 18:58:44.324324324,NET60,Customs Clearance,41475.91,0.1,4147.59,45623.5,Paid,2025-01-06 18:58:44.324324324,USD,PO-4618
INV-000549,V031,Logistics Provider 31,Customs Broker,2024-11-22 09:16:23.783783784,2025-01-06 09:16:23.783783784,NET45,Warehousing,35266.45,0.05,1763.32,37029.77,Approved,,USD,PO-6477
INV-000550,V046,Logistics Provider 46,Freight Forwarder,2024-11-22 23:34:03.243243244,2025-01-06 23:34:03.243243244,NET45,Express Delivery,42133.58,0.0,0.0,42133.58,Approved,,USD,PO-2095
INV-000551,V002,Logistics Provider 2,Transportation,2024-11-23 13:51:42.702702704,2025-02-21 13:51:42.702702704,NET90,Air Freight,49108.14,0.0,0.0,49108.14,Approved,,USD,PO-2062
INV-000552,V050,Logistics Provider 50,Transportation,2024-11-24 04:09:22.162162164,2024-12-24 04:09:22.162162164,NET30,Air Freight,31445.88,0.05,1572.29,33018.17,Paid,2024-12-23 04:09:22.162162164,USD,PO-5646
INV-000553,V035,Logistics Provider 35,Freight Forwarder,2024-11-24 18:27:01.621621624,2025-01-08 18:27:01.621621624,NET45,Warehousing,28400.06,0.1,2840.01,31240.07,Pending,,USD,PO-3195
INV-000554,V023,Logistics Provider 23,Warehousing,2024-11-25 08:44:41.081081080,2025-02-23 08:44:41.081081080,NET90,Cross-Border,31783.67,0.05,1589.18,33372.85,Rejected,,USD,PO-4262
INV-000555,V017,Logistics Provider 17,Freight Forwarder,2024-11-25 23:02:20.540540540,2024-12-25 23:02:20.540540540,NET30,Express Delivery,27101.12,0.0,0.0,27101.12,Pending,,USD,PO-8316
INV-000556,V026,Logistics Provider 26,Warehousing,2024-11-26 13:20:00.000000000,2025-01-10 13:20:00.000000000,NET45,Air Freight,32119.37,0.0,0.0,32119.37,Approved,,USD,PO-8606
INV-000557,V008,Logistics Provider 8,Customs Broker,2024-11-27 03:37:39.459459460,2025-01-11 03:37:39.459459460,NET45,Customs Clearance,23042.27,0.05,1152.11,24194.38,Paid,2025-01-09 03:37:39.459459460,USD,PO-7764
INV-000558,V029,Logistics Provider 29,Customs Broker,2024-11-27 17:55:18.918918920,2024-12-27 17:55:18.918918920,NET30,Road Transport,11703.72,0.05,585.19,12288.91,Paid,2024-12-20 17:55:18.918918920,USD,PO-9962
INV-000559,V026,Logistics Provider 26,Warehousing,2024-11-28 08:12:58.378378380,2024-12-28 08:12:58.378378380,NET30,Cross-Border,6892.11,0.0,0.0,6892.11,Pending,,USD,PO-8181
INV-000560,V010,Logistics Provider 10,Last Mile Delivery,2024-11-28 22:30:37.837837840,2024-12-28 22:30:37.837837840,NET30,Express Delivery,4348.71,0.05,217.44,4566.15,Approved,,USD,PO-6540
INV-000561,V026,Logistics Provider 26,Warehousing,2024-11-29 12:48:17.297297300,2025-01-13 12:48:17.297297300,NET45,Customs Clearance,13902.47,0.0,0.0,13902.47,Rejected,,USD,PO-7544
INV-000562,V034,Logistics Provider 34,Warehousing,2024-11-30 03:05:56.756756756,2025-01-14 03:05:56.756756756,NET45,Express Delivery,3260.05,0.05,163.0,3423.05,Approved,,USD,PO-1242
INV-000563,V041,Logistics Provider 41,Warehousing,2024-11-30 17:23:36.216216216,2025-02-28 17:23:36.216216216,NET90,Last Mile Delivery,28791.37,0.05,1439.57,30230.94,Approved,,USD,PO-1199
INV-000564,V007,Logistics Provider 7,Freight Forwarder,2024-12-01 07:41:15.675675676,2025-01-30 07:41:15.675675676,NET60,Customs Clearance,14907.59,0.05,745.38,15652.97,Paid,2025-01-16 07:41:15.675675676,USD,PO-2437
INV-000565,V004,Logistics Provider 4,Transportation,2024-12-01 21:58:55.135135136,2024-12-31 21:58:55.135135136,NET30,Cross-Border,41402.21,0.0,0.0,41402.21,Pending,,USD,PO-9828
INV-000566,V050,Logistics Provider 50,Transportation,2024-12-02 12:16:34.594594596,2025-01-16 12:16:34.594594596,NET45,Last Mile Delivery,4637.8,0.05,231.89,4869.69,Approved,,USD,PO-6240
INV-000567,V045,Logistics Provider 45,Customs Broker,2024-12-03 02:34:14.054054056,2025-01-17 02:34:14.054054056,NET45,Cross-Border,12091.22,0.0,0.0,12091.22,Approved,,USD,PO-4666
INV-000568,V011,Logistics Provider 11,Freight Forwarder,2024-12-03 16:51:53.513513516,2025-01-02 16:51:53.513513516,NET30,Air Freight,36782.06,0.0,0.0,36782.06,Approved,,USD,PO-9126
INV-000568,V011,Logistics Provider 11,Freight Forwarder,2024-12-03 16:51:53.513513516,2025-01-02 16:51:53.513513516,NET30,Air Freight,38161.864596772066,0.0,0.0,38161.86,Approved,,USD,PO-9126
INV-000569,V029,Logistics Provider 29,Customs Broker,2024-12-04 07:09:32.972972972,2025-02-02 07:09:32.972972972,NET60,Road Transport,30341.61,0.05,1517.08,31858.69,Approved,,USD,PO-5365
INV-000570,V036,Logistics Provider 36,Transportation,2024-12-04 21:27:12.432432432,2025-01-03 21:27:12.432432432,NET30,Cross-Border,4160.07,0.05,208.0,4368.07,Pending,,USD,PO-8530
INV-000571,V025,Logistics Provider 25,Last Mile Delivery,2024-12-05 11:44:51.891891892,2025-02-03 11:44:51.891891892,NET60,Cross-Border,43984.73,0.0,0.0,43984.73,Approved,,USD,PO-3374
INV-000572,V021,Logistics Provider 21,Customs Broker,2024-12-06 02:02:31.351351352,2025-01-20 02:02:31.351351352,NET45,Air Freight,43985.83,0.0,0.0,43985.83,Pending,,USD,PO-1060
INV-000573,V036,Logistics Provider 36,Transportation,2024-12-06 16:20:10.810810812,2025-02-04 16:20:10.810810812,NET60,Sea Freight,17189.99,0.1,1719.0,18908.99,Paid,2025-02-03 16:20:10.810810812,USD,PO-7015
INV-000574,V010,Logistics Provider 10,Last Mile Delivery,2024-12-07 06:37:50.270270272,2025-03-07 06:37:50.270270272,NET90,Air Freight,17679.89,0.0,0.0,17679.89,Approved,,USD,PO-2540
INV-000575,V037,Logistics Provider 37,Warehousing,2024-12-07 20:55:29.729729732,2025-01-21 20:55:29.729729732,NET45,Last Mile Delivery,49462.39,0.1,4946.24,54408.63,Approved,,USD,PO-5441
INV-000576,V009,Logistics Provider 9,Transportation,2024-12-08 11:13:09.189189192,2025-03-08 11:13:09.189189192,NET90,Air Freight,31682.63,0.1,3168.26,34850.89,Paid,2025-02-24 11:13:09.189189192,USD,PO-6238
INV-000577,V024,Logistics Provider 24,Freight Forwarder,2024-12-09 01:30:48.648648648,2025-01-08 01:30:48.648648648,NET30,Air Freight,27034.51,0.1,2703.45,29737.96,Paid,2025-01-08 01:30:48.648648648,USD,PO-8108
INV-000578,V035,Logistics Provider 35,Freight Forwarder,2024-12-09 15:48:28.108108108,2025-01-08 15:48:28.108108108,NET30,Road Transport,42069.46,0.05,2103.47,44172.93,Pending,,USD,PO-9707
INV-000579,V049,Logistics Provider 49,Transportation,2024-12-10 06:06:07.567567568,2025-01-09 06:06:07.567567568,NET30,Air Freight,14979.23,0.05,748.96,15728.19,Rejected,,USD,PO-3471
INV-000580,V035,Logistics Provider 35,Freight Forwarder,2024-12-10 20:23:47.027027028,2025-02-08 20:23:47.027027028,NET60,Express Delivery,22029.95,0.0,0.0,22029.95,Approved,,USD,PO-2487
INV-000581,V048,Logistics Provider 48,Customs Broker,2024-12-11 10:41:26.486486488,2025-01-25 10:41:26.486486488,NET45,Cross-Border,14121.06,0.1,1412.11,15533.17,Pending,,USD,PO-9805
INV-000582,V036,Logistics Provider 36,Transportation,2024-12-12 00:59:05.945945948,2025-01-11 00:59:05.945945948,NET30,Express Delivery,39668.88,0.05,1983.44,41652.32,Paid,2025-01-02 00:59:05.945945948,USD,PO-3578
INV-000583,V018,Logistics Provider 18,Last Mile Delivery,2024-12-12 15:16:45.405405408,2025-01-11 15:16:45.405405408,NET30,Road Transport,145470.6,0.05,7273.53,152744.13,Paid,2024-12-13 15:16:45.405405408,USD,PO-4687
INV-000584,V049,Logistics Provider 49,Transportation,2024-12-13 05:34:24.864864864,2025-01-27 05:34:24.864864864,NET45,Warehousing,33282.43,0.05,1664.12,34946.55,Approved,,USD,PO-4421
INV-000585,V039,Logistics Provider 39,Warehousing,2024-12-13 19:52:04.324324324,2025-01-12 19:52:04.324324324,NET30,Sea Freight,13363.06,0.05,668.15,14031.21,Approved,,USD,PO-7348
INV-000586,V032,Logistics Provider 32,Freight Forwarder,2024-12-14 10:09:43.783783784,2025-03-14 10:09:43.783783784,NET90,Express Delivery,11791.04,0.05,589.55,12380.59,Paid,2025-03-13 10:09:43.783783784,USD,PO-8122
INV-000587,V024,Logistics Provider 24,Freight Forwarder,2024-12-15 00:27:23.243243244,2025-01-29 00:27:23.243243244,NET45,Road Transport,24930.36,0.1,2493.04,27423.4,Approved,,USD,PO-7632
INV-000588,V023,Logistics Provider 23,Warehousing,2024-12-15 14:45:02.702702704,2025-01-29 14:45:02.702702704,NET45,Last Mile Delivery,37140.72,0.1,3714.07,40854.79,Rejected,,USD,PO-3655
INV-000589,V032,Logistics Provider 32,Freight Forwarder,2024-12-16 05:02:42.162162164,2025-01-30 05:02:42.162162164,NET45,Warehousing,26736.75,0.1,2673.68,29410.43,Approved,,USD,PO-5871
INV-000590,V037,Logistics Provider 37,Warehousing,2024-12-16 19:20:21.621621624,2025-03-16 19:20:21.621621624,NET90,Road Transport,2599.64,0.1,259.96,2859.6,Paid,2025-03-13 19:20:21.621621624,USD,PO-9314
INV-000591,V012,Logistics Provider 12,Last Mile Delivery,2024-12-17 09:38:01.081081080,2025-01-31 09:38:01.081081080,NET45,Road Transport,43559.02,0.0,0.0,43559.02,Paid,2025-01-29 09:38:01.081081080,USD,PO-3564
INV-000592,V049,Logistics Provider 49,Transportation,2024-12-17 23:55:40.540540540,2025-03-17 23:55:40.540540540,NET90,Sea Freight,4169.66,0.1,416.97,4586.63,Paid,2025-03-05 23:55:40.540540540,USD,PO-4733
INV-000593,V013,Logistics Provider 13,Transportation,2024-12-18 14:13:20.000000000,2025-02-01 14:13:20.000000000,NET45,Cross-Border,47835.4,0.05,2391.77,50227.17,Paid,2025-01-25 14:13:20,USD,PO-4048
INV-000594,V023,Logistics Provider 23,Warehousing,2024-12-19 04:30:59.459459460,2025-02-17 04:30:59.459459460,NET60,Express Delivery,2231.96,0.1,223.2,2455.16,Paid,2025-02-12 04:30:59.459459460,USD,PO-2799
INV-000595,V025,Logistics Provider 25,Last Mile Delivery,2024-12-19 18:48:38.918918920,2025-01-18 18:48:38.918918920,NET30,Last Mile Delivery,35028.07,0.0,0.0,35028.07,Approved,,USD,PO-1794
INV-000596,V035,Logistics Provider 35,Freight Forwarder,2024-12-20 09:06:18.378378380,2025-02-18 09:06:18.378378380,NET60,Customs Clearance,5028.15,0.05,251.41,5279.56,Approved,,USD,PO-8377
INV-000597,V041,Logistics Provider 41,Warehousing,2024-12-20 23:23:57.837837840,2025-01-19 23:23:57.837837840,NET30,Express Delivery,45623.15,0.1,4562.32,50185.47,Approved,,USD,PO-4486
INV-000598,V030,Logistics Provider 30,Warehousing,2024-12-21 13:41:37.297297300,2025-03-21 13:41:37.297297300,NET90,Customs Clearance,24429.009634891674,0.1,2442.9,26871.91,Paid,2025-03-09 13:41:37.297297300,USD,PO-9791
INV-000598,V030,Logistics Provider 30,Warehousing,2024-12-21 13:41:37.297297300,2025-03-21 13:41:37.297297300,NET90,Customs Clearance,23757.23,0.1,2375.72,26132.95,Paid,2024-12-22 13:41:37.297297300,USD,PO-9791
INV-000599,V017,Logistics Provider 17,Freight Forwarder,2024-12-22 03:59:16.756756756,2025-02-20 03:59:16.756756756,NET60,Road Transport,7738.66,0.1,773.87,8512.53,Paid,2025-02-13 03:59:16.756756756,USD,PO-4255
INV-000600,V049,Logistics Provider 49,Transportation,2024-12-22 18:16:56.216216216,2025-02-05 18:16:56.216216216,NET45,Air Freight,17699.97,0.05,885.0,18584.97,Approved,,USD,PO-8338
INV-000601,V020,Logistics Provider 20,Warehousing,2024-12-23 08:34:35.675675676,2025-01-22 08:34:35.675675676,NET30,Last Mile Delivery,9076.41,0.05,453.82,9530.23,Pending,,USD,PO-5955
INV-000602,V048,Logistics Provider 48,Customs Broker,2024-12-23 22:52:15.135135136,2025-01-22 22:52:15.135135136,NET30,Warehousing,9358.51,0.0,0.0,9358.51,Approved,,USD,PO-1848
INV-000603,V025,Logistics Provider 25,Last Mile Delivery,2024-12-24 13:09:54.594594596,2025-02-22 13:09:54.594594596,NET60,Air Freight,47457.31,0.05,2372.87,49830.18,Paid,2025-02-21 13:09:54.594594596,USD,PO-3412
INV-000603,V025,Logistics Provider 25,Last Mile Delivery,2024-12-24 13:09:54.594594596,2025-02-22 13:09:54.594594596,NET60,Air Freight,45499.612958614285,0.05,2274.98,47774.59,Paid,2025-02-21 13:09:54.594594596,USD,PO-3412
INV-000604,V022,Logistics Provider 22,Customs Broker,2024-12-25 03:27:34.054054056,2025-03-25 03:27:34.054054056,NET90,Air Freight,22817.06,0.05,1140.85,23957.91,Approved,,USD,PO-2262
INV-000605,V013,Logistics Provider 13,Transportation,2024-12-25 17:45:13.513513516,2025-02-23 17:45:13.513513516,NET60,Express Delivery,39651.31,0.1,3965.13,43616.44,Paid,2025-02-23 17:45:13.513513516,USD,PO-8645
INV-000606,V019,Logistics Provider 19,Freight Forwarder,2024-12-26 08:02:52.972972972,2025-03-26 08:02:52.972972972,NET90,Last Mile Delivery,32340.67,0.05,1617.03,33957.7,Rejected,,USD,PO-7660
INV-000607,V049,Logistics Provider 49,Transportation,2024-12-26 22:20:32.432432432,2025-03-26 22:20:32.432432432,NET90,Cross-Border,34144.89,0.1,3414.49,37559.38,Pending,,USD,PO-1527
INV-000608,V036,Logistics Provider 36,Transportation,2024-12-27 12:38:11.891891892,2025-01-26 12:38:11.891891892,NET30,Road Transport,37264.899999999994,0.1,3726.49,40991.39,Approved,,USD,PO-9052
INV-000609,V012,Logistics Provider 12,Last Mile Delivery,2024-12-28 02:55:51.351351352,2025-02-26 02:55:51.351351352,NET60,Road Transport,12475.04,0.05,623.75,13098.79,Approved,,USD,PO-7497
INV-000610,V041,Logistics Provider 41,Warehousing,2024-12-28 17:13:30.810810812,2025-02-26 17:13:30.810810812,NET60,Road Transport,39550.77,0.0,0.0,39550.77,Approved,,USD,PO-4183
INV-000611,V019,Logistics Provider 19,Freight Forwarder,2024-12-29 07:31:10.270270272,2025-03-29 07:31:10.270270272,NET90,Road Transport,48567.54,0.0,0.0,48567.54,Pending,,USD,PO-2707
INV-000612,V012,Logistics Provider 12,Last Mile Delivery,2024-12-29 21:48:49.729729732,2025-02-27 21:48:49.729729732,NET60,Express Delivery,13871.11,0.05,693.56,14564.67,Pending,,USD,PO-2602
INV-000613,V009,Logistics Provider 9,Transportation,2024-12-30 12:06:29.189189192,2025-02-13 12:06:29.189189192,NET45,Customs Clearance,14306.87,0.0,0.0,14306.87,Paid,2025-01-29 12:06:29.189189192,USD,PO-5978
INV-000614,V007,Logistics Provider 7,Freight Forwarder,2024-12-31 02:24:08.648648648,2025-02-14 02:24:08.648648648,NET45,Road Transport,24171.96,0.1,2417.2,26589.16,Approved,,USD,PO-5087
INV-000615,V028,Logistics Provider 28,Freight Forwarder,2024-12-31 16:41:48.108108108,2025-03-01 16:41:48.108108108,NET60,Customs Clearance,49208.18,0.1,4920.82,54129.0,Approved,,USD,PO-1134
INV-000616,V014,Logistics Provider 14,Customs Broker,2025-01-01 06:59:27.567567568,2025-03-02 06:59:27.567567568,NET60,Customs Clearance,14178.99,0.05,708.95,14887.94,Rejected,,USD,PO-1014
INV-000617,V031,Logistics Provider 31,Customs Broker,2025-01-01 21:17:07.027027028,2025-04-01 21:17:07.027027028,NET90,Cross-Border,20941.62,0.0,0.0,20941.62,Paid,2025-03-26 21:17:07.027027028,USD,PO-5417
INV-000618,V019,Logistics Provider 19,Freight Forwarder,2025-01-02 11:34:46.486486488,2025-02-16 11:34:46.486486488,NET45,Road Transport,44682.52,0.0,0.0,44682.52,Pending,,USD,PO-1544
INV-000619,V047,Logistics Provider 47,Freight Forwarder,2025-01-03 01:52:25.945945948,2025-02-17 01:52:25.945945948,NET45,Sea Freight,1143.13,0.1,114.31,1257.44,Paid,2025-02-03 01:52:25.945945948,USD,PO-2637
INV-000620,V016,Logistics Provider 16,Warehousing,2025-01-03 16:10:05.405405408,2025-02-02 16:10:05.405405408,NET30,Warehousing,2948.53,0.05,147.43,3095.96,Approved,,USD,PO-8546
INV-000621,V005,Logistics Provider 5,Warehousing,2025-01-04 06:27:44.864864864,2025-04-04 06:27:44.864864864,NET90,Air Freight,30599.51,0.0,0.0,30599.51,Paid,2025-03-26 06:27:44.864864864,USD,PO-7311
INV-000622,V035,Logistics Provider 35,Freight Forwarder,2025-01-04 20:45:24.324324324,2025-02-03 20:45:24.324324324,NET30,Customs Clearance,45461.63,0.05,2273.08,47734.71,Paid,2025-02-03 20:45:24.324324324,USD,PO-7368
INV-000623,V012,Logistics Provider 12,Last Mile Delivery,2025-01-05 11:03:03.783783784,2025-02-19 11:03:03.783783784,NET45,Last Mile Delivery,12703.98,0.0,0.0,12703.98,Paid,2025-02-05 11:03:03.783783784,USD,PO-8022
INV-000624,V025,Logistics Provider 25,Last Mile Delivery,2025-01-06 01:20:43.243243244,2025-04-06 01:20:43.243243244,NET90,Last Mile Delivery,24012.45,0.1,2401.25,26413.7,Approved,,USD,PO-6305
INV-000625,V021,Logistics Provider 21,Customs Broker,2025-01-06 15:38:22.702702704,2025-03-07 15:38:22.702702704,NET60,Warehousing,23072.8,0.1,2307.28,25380.08,Paid,2025-02-21 15:38:22.702702704,USD,PO-5189
INV-000626,V036,Logistics Provider 36,Transportation,2025-01-07 05:56:02.162162164,2025-04-07 05:56:02.162162164,NET90,Last Mile Delivery,24175.6,0.05,1208.78,25384.38,Pending,,USD,PO-1562
INV-000627,V023,Logistics Provider 23,Warehousing,2025-01-07 20:13:41.621621624,2025-03-08 20:13:41.621621624,NET60,Sea Freight,31503.47,0.1,3150.35,34653.82,Pending,,USD,PO-9310
INV-000628,V016,Logistics Provider 16,Warehousing,2025-01-08 10:31:21.081081084,2025-03-09 10:31:21.081081084,NET60,Last Mile Delivery,24017.44,0.0,0.0,24017.44,Approved,,USD,PO-1451
INV-000629,V039,Logistics Provider 39,Warehousing,2025-01-09 00:49:00.540540540,2025-04-09 00:49:00.540540540,NET90,Air Freight,22925.94,0.1,2292.59,25218.53,Pending,,USD,PO-1429
INV-000630,V045,Logistics Provider 45,Customs Broker,2025-01-09 15:06:40.000000000,2025-03-10 15:06:40.000000000,NET60,Air Freight,24240.13,0.05,1212.01,25452.14,Approved,,USD,PO-9260
INV-000631,V042,Logistics Provider 42,Transportation,2025-01-10 05:24:19.459459460,2025-02-09 05:24:19.459459460,NET30,Customs Clearance,29952.5,0.05,1497.62,31450.12,Paid,2025-02-08 05:24:19.459459460,USD,PO-3458
INV-000632,V039,Logistics Provider 39,Warehousing,2025-01-10 19:41:58.918918920,2025-02-24 19:41:58.918918920,NET45,Road Transport,27313.37,0.05,1365.67,28679.04,Rejected,,USD,PO-9594
INV-000633,V014,Logistics Provider 14,Customs Broker,2025-01-11 09:59:38.378378380,2025-03-12 09:59:38.378378380,NET60,Cross-Border,42852.66,0.0,0.0,42852.66,Approved,,USD,PO-6778
INV-000634,V031,Logistics Provider 31,Customs Broker,2025-01-12 00:17:17.837837840,2025-02-11 00:17:17.837837840,NET30,Sea Freight,3425.35,0.0,0.0,3425.35,Approved,,USD,PO-6180
INV-000635,V005,Logistics Provider 5,Warehousing,2025-01-12 14:34:57.297297300,2025-03-13 14:34:57.297297300,NET60,Customs Clearance,41832.54,0.0,0.0,41832.54,Approved,,USD,PO-7028
INV-000636,V035,Logistics Provider 35,Freight Forwarder,2025-01-13 04:52:36.756756756,2025-02-27 04:52:36.756756756,NET45,Sea Freight,42352.31,0.0,0.0,42352.31,Approved,,USD,PO-1148
INV-000637,V023,Logistics Provider 23,Warehousing,2025-01-13 19:10:16.216216216,2025-02-12 19:10:16.216216216,NET30,Road Transport,14960.49,0.0,0.0,14960.49,Pending,,USD,PO-7406
INV-000638,V029,Logistics Provider 29,Customs Broker,2025-01-14 09:27:55.675675676,2025-02-28 09:27:55.675675676,NET45,Express Delivery,23679.75,0.1,2367.98,26047.73,Rejected,,USD,PO-9884
INV-000639,V043,Logistics Provider 43,Transportation,2025-01-14 23:45:35.135135136,2025-02-28 23:45:35.135135136,NET45,Last Mile Delivery,22488.39,0.0,0.0,22488.39,Approved,,USD,PO-1257
INV-000640,V011,Logistics Provider 11,Freight Forwarder,2025-01-15 14:03:14.594594596,2025-02-14 14:03:14.594594596,NET30,Last Mile Delivery,11706.98,0.0,0.0,11706.98,Approved,,USD,PO-8091
INV-000641,V018,Logistics Provider 18,Last Mile Delivery,2025-01-16 04:20:54.054054056,2025-02-15 04:20:54.054054056,NET30,Cross-Border,20443.05,0.1,2044.3,22487.35,Pending,,USD,PO-7284
INV-000642,V047,Logistics Provider 47,Freight Forwarder,2025-01-16 18:38:33.513513516,2025-02-15 18:38:33.513513516,NET30,Road Transport,3175.0,0.0,0.0,3175.0,Paid,2025-02-09 18:38:33.513513516,USD,PO-3767
INV-000643,V012,Logistics Provider 12,Last Mile Delivery,2025-01-17 08:56:12.972972972,2025-04-17 08:56:12.972972972,NET90,Customs Clearance,14613.28,0.05,730.66,15343.94,Paid,2025-04-15 08:56:12.972972972,USD,PO-6971
INV-000644,V009,Logistics Provider 9,Transportation,2025-01-17 23:13:52.432432432,2025-02-16 23:13:52.432432432,NET30,Cross-Border,41017.43,0.0,0.0,41017.43,Rejected,,USD,PO-4029
INV-000645,V010,Logistics Provider 10,Last Mile Delivery,2025-01-18 13:31:31.891891892,2025-02-17 13:31:31.891891892,NET30,Road Transport,14943.55,0.0,0.0,14943.55,Paid,2025-02-12 13:31:31.891891892,USD,PO-3649
INV-000646,V044,Logistics Provider 44,Last Mile Delivery,2025-01-19 03:49:11.351351352,2025-02-18 03:49:11.351351352,NET30,Warehousing,41092.13,0.05,2054.61,43146.74,Approved,,USD,PO-8455
INV-000647,V017,Logistics Provider 17,Freight Forwarder,2025-01-19 18:06:50.810810812,2025-02-18 18:06:50.810810812,NET30,Air Freight,27048.37,0.05,1352.42,28400.79,Approved,,USD,PO-8793
INV-000648,V038,Logistics Provider 38,Last Mile Delivery,2025-01-20 08:24:30.270270272,2025-03-21 08:24:30.270270272,NET60,Cross-Border,44113.27,0.05,2205.66,46318.93,Paid,2025-03-19 08:24:30.270270272,USD,PO-5050
INV-000649,V007,Logistics Provider 7,Freight Forwarder,2025-01-20 22:42:09.729729732,2025-04-20 22:42:09.729729732,NET90,Cross-Border,29164.2,0.05,1458.21,30622.41,Approved,,USD,PO-1508
INV-000650,V046,Logistics Provider 46,Freight Forwarder,2025-01-21 12:59:49.189189192,2025-03-07 12:59:49.189189192,NET45,Customs Clearance,2453.74,0.0,0.0,2453.74,Paid,2025-02-21 12:59:49.189189192,USD,PO-5126
INV-000651,V013,Logistics Provider 13,Transportation,2025-01-22 03:17:28.648648648,2025-02-21 03:17:28.648648648,NET30,Sea Freight,34095.59,0.05,1704.78,35800.37,Pending,,USD,PO-9912
INV-000652,V040,Logistics Provider 40,Freight Forwarder,2025-01-22 17:35:08.108108108,2025-03-23 17:35:08.108108108,NET60,Warehousing,3197.82,0.05,159.89,3357.71,Pending,,USD,PO-5268
INV-000653,V042,Logistics Provider 42,Transportation,2025-01-23 07:52:47.567567568,2025-03-24 07:52:47.567567568,NET60,Customs Clearance,23079.25,0.1,2307.93,25387.18,Paid,2025-03-11 07:52:47.567567568,USD,PO-4750
INV-000654,V009,Logistics Provider 9,Transportation,2025-01-23 22:10:27.027027028,2025-03-24 22:10:27.027027028,NET60,Road Transport,46541.91,0.05,2327.1,48869.01,Paid,2025-03-19 22:10:27.027027028,USD,PO-8791
INV-000655,V050,Logistics Provider 50,Transportation,2025-01-24 12:28:06.486486488,2025-03-10 12:28:06.486486488,NET45,Road Transport,9094.99,0.05,454.75,9549.74,Paid,2025-03-10 12:28:06.486486488,USD,PO-7070
INV-000656,V027,Logistics Provider 27,Transportation,2025-01-25 02:45:45.945945948,2025-02-24 02:45:45.945945948,NET30,Road Transport,20103.75,0.1,2010.38,22114.13,Pending,,USD,PO-2083
INV-000657,V002,Logistics Provider 2,Transportation,2025-01-25 17:03:25.405405408,2025-04-25 17:03:25.405405408,NET90,Express Delivery,36763.16,0.1,3676.32,40439.48,Paid,2025-04-14 17:03:25.405405408,USD,PO-9745
INV-000658,V005,Logistics Provider 5,Warehousing,2025-01-26 07:21:04.864864864,2025-04-26 07:21:04.864864864,NET90,Road Transport,44230.67,0.0,0.0,44230.67,Pending,,USD,PO-6373
INV-000659,V029,Logistics Provider 29,Customs Broker,2025-01-26 21:38:44.324324324,2025-03-27 21:38:44.324324324,NET60,Sea Freight,33876.21,0.1,3387.62,37263.83,Pending,,USD,PO-1141
INV-000660,V037,Logistics Provider 37,Warehousing,2025-01-27 11:56:23.783783784,2025-03-13 11:56:23.783783784,NET45,Warehousing,13650.49,0.0,0.0,13650.49,Approved,,USD,PO-9311
INV-000661,V038,Logistics Provider 38,Last Mile Delivery,2025-01-28 02:14:03.243243244,2025-03-14 02:14:03.243243244,NET45,Last Mile Delivery,34055.78,0.1,3405.58,37461.36,Pending,,USD,PO-1552
INV-000662,V019,Logistics Provider 19,Freight Forwarder,2025-01-28 16:31:42.702702704,2025-03-14 16:31:42.702702704,NET45,Air Freight,15539.65,0.1,1553.96,17093.61,Approved,,USD,PO-7426
INV-000663,V008,Logistics Provider 8,Customs Broker,2025-01-29 06:49:22.162162164,2025-04-29 06:49:22.162162164,NET90,Sea Freight,36203.03,0.0,0.0,36203.03,Approved,,USD,PO-9978
INV-000664,V048,Logistics Provider 48,Customs Broker,2025-01-29 21:07:01.621621624,2025-03-30 21:07:01.621621624,NET60,Sea Freight,47747.62,0.1,4774.76,52522.38,Approved,,USD,PO-3443
INV-000665,V045,Logistics Provider 45,Customs Broker,2025-01-30 11:24:41.081081084,2025-03-01 11:24:41.081081084,NET30,Express Delivery,36348.28,0.0,0.0,36348.28,Pending,,USD,PO-4587
INV-000666,V001,Logistics Provider 1,Last Mile Delivery,2025-01-31 01:42:20.540540540,2025-05-01 01:42:20.540540540,NET90,Last Mile Delivery,43281.14,0.1,4328.11,47609.25,Pending,,USD,PO-1490
INV-000667,V022,Logistics Provider 22,Customs Broker,2025-01-31 16:00:00.000000000,2025-04-01 16:00:00.000000000,NET60,Last Mile Delivery,1103.09,0.05,55.15,1158.24,Pending,,USD,PO-8343
INV-000668,V017,Logistics Provider 17,Freight Forwarder,2025-02-01 06:17:39.459459460,2025-04-02 06:17:39.459459460,NET60,Air Freight,36161.03,0.1,3616.1,39777.13,Pending,,USD,PO-4533
INV-000669,V007,Logistics Provider 7,Freight Forwarder,2025-02-01 20:35:18.918918920,2025-03-03 20:35:18.918918920,NET30,Air Freight,41649.79,0.0,0.0,41649.79,Paid,2025-03-01 20:35:18.918918920,USD,PO-3538
INV-000670,V025,Logistics Provider 25,Last Mile Delivery,2025-02-02 10:52:58.378378380,2025-03-04 10:52:58.378378380,NET30,Last Mile Delivery,2987.38,0.1,298.74,3286.12,Approved,,USD,PO-7527
INV-000671,V045,Logistics Provider 45,Customs Broker,2025-02-03 01:10:37.837837840,2025-03-05 01:10:37.837837840,NET30,Road Transport,43708.29,0.0,0.0,43708.29,Approved,,USD,PO-5129
INV-000672,V004,Logistics Provider 4,Transportation,2025-02-03 15:28:17.297297300,2025-03-20 15:28:17.297297300,NET45,Sea Freight,13578.02,0.0,0.0,13578.02,Approved,,USD,PO-5342
INV-000673,V036,Logistics Provider 36,Transportation,2025-02-04 05:45:56.756756756,2025-03-06 05:45:56.756756756,NET30,Customs Clearance,33599.31,0.05,1679.97,35279.28,Paid,2025-03-03 05:45:56.756756756,USD,PO-6609
INV-000674,V006,Logistics Provider 6,Last Mile Delivery,2025-02-04 20:03:36.216216216,2025-04-05 20:03:36.216216216,NET60,Air Freight,40217.39,0.05,2010.87,42228.26,Paid,2025-04-04 20:03:36.216216216,USD,PO-4759
INV-000675,V031,Logistics Provider 31,Customs Broker,2025-02-05 10:21:15.675675676,2025-03-07 10:21:15.675675676,NET30,Express Delivery,33470.56,0.0,0.0,33470.56,Paid,2025-02-21 10:21:15.675675676,USD,PO-4760
INV-000676,V019,Logistics Provider 19,Freight Forwarder,2025-02-06 00:38:55.135135136,2025-04-07 00:38:55.135135136,NET60,Express Delivery,5521.95,0.1,552.2,6074.15,Paid,2025-04-03 00:38:55.135135136,USD,PO-4801
INV-000677,V044,Logistics Provider 44,Last Mile Delivery,2025-02-06 14:56:34.594594596,2025-05-07 14:56:34.594594596,NET90,Air Freight,30219.75,0.0,0.0,30219.75,Approved,,USD,PO-6128
INV-000678,V039,Logistics Provider 39,Warehousing,2025-02-07 05:14:14.054054056,2025-03-24 05:14:14.054054056,NET45,Last Mile Delivery,27929.6,0.0,0.0,27929.6,Paid,2025-03-11 05:14:14.054054056,USD,PO-1166
INV-000679,V027,Logistics Provider 27,Transportation,2025-02-07 19:31:53.513513516,2025-05-08 19:31:53.513513516,NET90,Warehousing,45115.74,0.1,4511.57,49627.31,Paid,2025-05-06 19:31:53.513513516,USD,PO-1841
INV-000680,V010,Logistics Provider 10,Last Mile Delivery,2025-02-08 09:49:32.972972972,2025-05-09 09:49:32.972972972,NET90,Customs Clearance,104038.75,0.1,10403.88,114442.63,Approved,,USD,PO-5621
INV-000681,V026,Logistics Provider 26,Warehousing,2025-02-09 00:07:12.432432432,2025-04-10 00:07:12.432432432,NET60,Customs Clearance,16732.97,0.1,1673.3,18406.27,Approved,,USD,PO-5066
INV-000682,V019,Logistics Provider 19,Freight Forwarder,2025-02-09 14:24:51.891891892,2025-05-10 14:24:51.891891892,NET90,Air Freight,37742.69,0.1,3774.27,41516.96,Approved,,USD,PO-6805
INV-000683,V039,Logistics Provider 39,Warehousing,2025-02-10 04:42:31.351351352,2025-04-11 04:42:31.351351352,NET60,Road Transport,21221.09,0.0,0.0,21221.09,Rejected,,USD,PO-2105
INV-000684,V003,Logistics Provider 3,Warehousing,2025-02-10 19:00:10.810810812,2025-03-12 19:00:10.810810812,NET30,Warehousing,32658.71,0.0,0.0,32658.71,Paid,2025-03-02 19:00:10.810810812,USD,PO-5615
INV-000685,V045,Logistics Provider 45,Customs Broker,2025-02-11 09:17:50.270270272,2025-03-13 09:17:50.270270272,NET30,Customs Clearance,32676.05,0.05,1633.8,34309.85,Paid,2025-03-09 09:17:50.270270272,USD,PO-3839
INV-000686,V013,Logistics Provider 13,Transportation,2025-02-11 23:35:29.729729732,2025-04-12 23:35:29.729729732,NET60,Air Freight,44513.91,0.0,0.0,44513.91,Approved,,USD,PO-9163
INV-000687,V050,Logistics Provider 50,Transportation,2025-02-12 13:53:09.189189192,2025-03-14 13:53:09.189189192,NET30,Express Delivery,30335.93,0.1,3033.59,33369.52,Approved,,USD,PO-1818
INV-000688,V028,Logistics Provider 28,Freight Forwarder,2025-02-13 04:10:48.648648648,2025-03-30 04:10:48.648648648,NET45,Customs Clearance,25605.53,0.05,1280.28,26885.81,Pending,,USD,PO-9067
INV-000689,V020,Logistics Provider 20,Warehousing,2025-02-13 18:28:28.108108108,2025-05-14 18:28:28.108108108,NET90,Cross-Border,7804.69,0.1,780.47,8585.16,Pending,,USD,PO-6969
INV-000690,V028,Logistics Provider 28,Freight Forwarder,2025-02-14 08:46:07.567567568,2025-03-31 08:46:07.567567568,NET45,Warehousing,6671.14,0.0,0.0,6671.14,Paid,2025-03-25 08:46:07.567567568,USD,PO-2926
INV-000691,V008,Logistics Provider 8,Customs Broker,2025-02-14 23:03:47.027027028,2025-05-15 23:03:47.027027028,NET90,Warehousing,8561.76,0.05,428.09,8989.85,Paid,2025-05-02 23:03:47.027027028,USD,PO-7758
INV-000692,V041,Logistics Provider 41,Warehousing,2025-02-15 13:21:26.486486488,2025-03-17 13:21:26.486486488,NET30,Cross-Border,9420.58,0.1,942.06,10362.64,Approved,,USD,PO-8696
INV-000693,V039,Logistics Provider 39,Warehousing,2025-02-16 03:39:05.945945948,2025-04-02 03:39:05.945945948,NET45,Sea Freight,32255.98,0.05,1612.8,33868.78,Paid,2025-03-26 03:39:05.945945948,USD,PO-9635
INV-000694,V001,Logistics Provider 1,Last Mile Delivery,2025-02-16 17:56:45.405405408,2025-03-18 17:56:45.405405408,NET30,Express Delivery,37308.08,0.05,1865.4,39173.48,Approved,,USD,PO-6319
INV-000695,V003,Logistics Provider 3,Warehousing,2025-02-17 08:14:24.864864864,2025-05-18 08:14:24.864864864,NET90,Cross-Border,26969.58,0.0,0.0,26969.58,Rejected,,USD,PO-1230
INV-000696,V013,Logistics Provider 13,Transportation,2025-02-17 22:32:04.324324324,2025-04-18 22:32:04.324324324,NET60,Last Mile Delivery,41621.87,0.1,4162.19,45784.06,Approved,,USD,PO-3185
INV-000697,V028,Logistics Provider 28,Freight Forwarder,2025-02-18 12:49:43.783783784,2025-04-19 12:49:43.783783784,NET60,Last Mile Delivery,49571.9,0.05,2478.6,52050.5,Approved,,USD,PO-1208
INV-000698,V049,Logistics Provider 49,Transportation,2025-02-19 03:07:23.243243244,2025-04-05 03:07:23.243243244,NET45,Air Freight,41180.62,0.05,2059.03,43239.65,Approved,,USD,PO-3689
INV-000699,V025,Logistics Provider 25,Last Mile Delivery,2025-02-19 17:25:02.702702704,2025-03-21 17:25:02.702702704,NET30,Warehousing,35049.24,0.1,3504.92,38554.16,Pending,,USD,PO-1116
INV-000700,V033,Logistics Provider 33,Customs Broker,2025-02-20 07:42:42.162162164,2025-03-22 07:42:42.162162164,NET30,Sea Freight,27092.14,0.05,1354.61,28446.75,Pending,,USD,PO-2146
INV-000701,V038,Logistics Provider 38,Last Mile Delivery,2025-02-20 22:00:21.621621624,2025-04-06 22:00:21.621621624,NET45,Sea Freight,22993.8,0.05,1149.69,24143.49,Paid,2025-04-01 22:00:21.621621624,USD,PO-2422
INV-000702,V006,Logistics Provider 6,Last Mile Delivery,2025-02-21 12:18:01.081081080,2025-04-22 12:18:01.081081080,NET60,Customs Clearance,5135.23,0.05,256.76,5391.99,Paid,2025-04-13 12:18:01.081081080,USD,PO-1722
INV-000703,V044,Logistics Provider 44,Last Mile Delivery,2025-02-22 02:35:40.540540544,2025-05-23 02:35:40.540540544,NET90,Customs Clearance,20569.07,0.1,2056.91,22625.98,Paid,2025-05-20 02:35:40.540540544,USD,PO-3328
INV-000704,V045,Logistics Provider 45,Customs Broker,2025-02-22 16:53:20.000000000,2025-04-08 16:53:20.000000000,NET45,Cross-Border,45596.6,0.1,4559.66,50156.26,Pending,,USD,PO-2834
INV-000705,V032,Logistics Provider 32,Freight Forwarder,2025-02-23 07:10:59.459459464,2025-05-24 07:10:59.459459464,NET90,Sea Freight,40593.11,0.1,4059.31,44652.42,Paid,2025-05-14 07:10:59.459459464,USD,PO-1355
INV-000706,V045,Logistics Provider 45,Customs Broker,2025-02-23 21:28:38.918918920,2025-04-24 21:28:38.918918920,NET60,Cross-Border,11586.52,0.1,1158.65,12745.17,Pending,,USD,PO-7754
INV-000707,V047,Logistics Provider 47,Freight Forwarder,2025-02-24 11:46:18.378378376,2025-03-26 11:46:18.378378376,NET30,Express Delivery,23863.78,0.0,0.0,23863.78,Pending,,USD,PO-3835
INV-000708,V021,Logistics Provider 21,Customs Broker,2025-02-25 02:03:57.837837840,2025-04-26 02:03:57.837837840,NET60,Cross-Border,41019.44,0.05,2050.97,43070.41,Paid,2025-04-13 02:03:57.837837840,USD,PO-2410
INV-000709,V016,Logistics Provider 16,Warehousing,2025-02-25 16:21:37.297297296,2025-04-11 16:21:37.297297296,NET45,Customs Clearance,4301.84,0.1,430.18,4732.02,Paid,2025-04-06 16:21:37.297297296,USD,PO-2267
INV-000710,V021,Logistics Provider 21,Customs Broker,2025-02-26 06:39:16.756756760,2025-03-28 06:39:16.756756760,NET30,Warehousing,19982.24,0.05,999.11,20981.35,Pending,,USD,PO-3294
INV-000711,V011,Logistics Provider 11,Freight Forwarder,2025-02-26 20:56:56.216216216,2025-04-12 20:56:56.216216216,NET45,Cross-Border,42740.22,0.05,2137.01,44877.23,Pending,,USD,PO-9448
INV-000712,V037,Logistics Provider 37,Warehousing,2025-02-27 11:14:35.675675680,2025-04-13 11:14:35.675675680,NET45,Road Transport,20791.0,0.0,0.0,20791.0,Rejected,,USD,PO-4632
INV-000713,V036,Logistics Provider 36,Transportation,2025-02-28 01:32:15.135135136,2025-04-29 01:32:15.135135136,NET60,Warehousing,4803.12,0.1,480.31,5283.43,Pending,,USD,PO-3185
INV-000714,V035,Logistics Provider 35,Freight Forwarder,2025-02-28 15:49:54.594594592,2025-04-14 15:49:54.594594592,NET45,Sea Freight,27584.18,0.1,2758.42,30342.6,Approved,,USD,PO-6171
INV-000715,V019,Logistics Provider 19,Freight Forwarder,2025-03-01 06:07:34.054054056,2025-04-30 06:07:34.054054056,NET60,Sea Freight,43225.38,0.05,2161.27,45386.65,Paid,2025-03-02 06:07:34.054054056,USD,PO-2405
INV-000716,V020,Logistics Provider 20,Warehousing,2025-03-01 20:25:13.513513512,2025-03-31 20:25:13.513513512,NET30,Cross-Border,29923.99,0.1,2992.4,32916.39,Pending,,USD,PO-5997
INV-000717,V018,Logistics Provider 18,Last Mile Delivery,2025-03-02 10:42:52.972972976,2025-05-01 10:42:52.972972976,NET60,Warehousing,12087.68,0.05,604.38,12692.06,Pending,,USD,PO-5457
INV-000718,V047,Logistics Provider 47,Freight Forwarder,2025-03-03 01:00:32.432432432,2025-04-02 01:00:32.432432432,NET30,Customs Clearance,99138.70000000001,0.05,4956.94,104095.64,Approved,,USD,PO-3044
INV-000719,V041,Logistics Provider 41,Warehousing,2025-03-03 15:18:11.891891896,2025-05-02 15:18:11.891891896,NET60,Customs Clearance,23056.04,0.0,0.0,23056.04,Paid,2025-04-29 15:18:11.891891896,USD,PO-8870
INV-000720,V049,Logistics Provider 49,Transportation,2025-03-04 05:35:51.351351352,2025-06-02 05:35:51.351351352,NET90,Last Mile Delivery,29384.05,0.0,0.0,29384.05,Paid,2025-05-24 05:35:51.351351352,USD,PO-2653
INV-000721,V014,Logistics Provider 14,Customs Broker,2025-03-04 19:53:30.810810808,2025-06-02 19:53:30.810810808,NET90,Sea Freight,38208.2,0.0,0.0,38208.2,Paid,2025-05-29 19:53:30.810810808,USD,PO-2976
INV-000722,V015,Logistics Provider 15,Last Mile Delivery,2025-03-05 10:11:10.270270272,2025-04-19 10:11:10.270270272,NET45,Air Freight,5844.81,0.05,292.24,6137.05,Rejected,,USD,PO-9011
INV-000723,V031,Logistics Provider 31,Customs Broker,2025-03-06 00:28:49.729729728,2025-05-05 00:28:49.729729728,NET60,Last Mile Delivery,44592.95,0.1,4459.3,49052.25,Paid,2025-04-23 00:28:49.729729728,USD,PO-9126
INV-000724,V001,Logistics Provider 1,Last Mile Delivery,2025-03-06 14:46:29.189189192,2025-05-05 14:46:29.189189192,NET60,Customs Clearance,1603.18,0.0,0.0,1603.18,Approved,,USD,PO-6453
INV-000725,V003,Logistics Provider 3,Warehousing,2025-03-07 05:04:08.648648648,2025-04-06 05:04:08.648648648,NET30,Warehousing,19132.56,0.1,1913.26,21045.82,Approved,,USD,PO-7022
INV-000726,V016,Logistics Provider 16,Warehousing,2025-03-07 19:21:48.108108112,2025-04-21 19:21:48.108108112,NET45,Express Delivery,2343.6,0.0,0.0,2343.6,Paid,2025-04-21 19:21:48.108108112,USD,PO-9973
INV-000727,V023,Logistics Provider 23,Warehousing,2025-03-08 09:39:27.567567568,2025-05-07 09:39:27.567567568,NET60,Customs Clearance,20255.74,0.0,0.0,20255.74,Paid,2025-04-25 09:39:27.567567568,USD,PO-5080
INV-000728,V011,Logistics Provider 11,Freight Forwarder,2025-03-08 23:57:07.027027032,2025-04-22 23:57:07.027027032,NET45,Warehousing,26764.82,0.05,1338.24,28103.06,Paid,2025-04-22 23:57:07.027027032,USD,PO-5772
INV-000729,V012,Logistics Provider 12,Last Mile Delivery,2025-03-09 14:14:46.486486488,2025-06-07 14:14:46.486486488,NET90,Last Mile Delivery,26072.39,0.0,0.0,26072.39,Paid,2025-05-29 14:14:46.486486488,USD,PO-2529
INV-000730,V010,Logistics Provider 10,Last Mile Delivery,2025-03-10 04:32:25.945945944,2025-05-09 04:32:25.945945944,NET60,Sea Freight,9115.79,0.0,0.0,9115.79,Pending,,USD,PO-9833
INV-000731,V032,Logistics Provider 32,Freight Forwarder,2025-03-10 18:50:05.405405408,2025-05-09 18:50:05.405405408,NET60,Customs Clearance,33588.05999543062,0.05,1679.4,35267.46,Approved,,USD,PO-5789
INV-000731,V032,Logistics Provider 32,Freight Forwarder,2025-03-10 18:50:05.405405408,2025-05-09 18:50:05.405405408,NET60,Customs Clearance,32641.28,0.05,1632.06,34273.34,Approved,,USD,PO-5789
INV-000732,V016,Logistics Provider 16,Warehousing,2025-03-11 09:07:44.864864864,2025-04-25 09:07:44.864864864,NET45,Cross-Border,3194.14,0.1,319.41,3513.55,Approved,,USD,PO-4139
INV-000733,V008,Logistics Provider 8,Customs Broker,2025-03-11 23:25:24.324324328,2025-05-10 23:25:24.324324328,NET60,Warehousing,38333.43,0.0,0.0,38333.43,Pending,,USD,PO-5583
INV-000734,V038,Logistics Provider 38,Last Mile Delivery,2025-03-12 13:43:03.783783784,2025-04-26 13:43:03.783783784,NET45,Sea Freight,47385.58,0.05,2369.28,49754.86,Pending,,USD,PO-1721
INV-000735,V012,Logistics Provider 12,Last Mile Delivery,2025-03-13 04:00:43.243243248,2025-05-12 04:00:43.243243248,NET60,Express Delivery,17648.67,0.0,0.0,17648.67,Paid,2025-05-05 04:00:43.243243248,USD,PO-5524
INV-000736,V024,Logistics Provider 24,Freight Forwarder,2025-03-13 18:18:22.702702704,2025-04-12 18:18:22.702702704,NET30,Express Delivery,26344.73,0.05,1317.24,27661.97,Paid,2025-04-02 18:18:22.702702704,USD,PO-2371
INV-000737,V028,Logistics Provider 28,Freight Forwarder,2025-03-14 08:36:02.162162160,2025-04-28 08:36:02.162162160,NET45,Air Freight,19566.6,0.1,1956.66,21523.26,Approved,,USD,PO-6748
INV-000738,V008,Logistics Provider 8,Customs Broker,2025-03-14 22:53:41.621621624,2025-05-13 22:53:41.621621624,NET60,Warehousing,1328.81,0.1,132.88,1461.69,Approved,,USD,PO-9870
INV-000739,V028,Logistics Provider 28,Freight Forwarder,2025-03-15 13:11:21.081081080,2025-06-13 13:11:21.081081080,NET90,Last Mile Delivery,19907.85,0.05,995.39,20903.24,Approved,,USD,PO-8179
INV-000740,V036,Logistics Provider 36,Transportation,2025-03-16 03:29:00.540540544,2025-05-15 03:29:00.540540544,NET60,Air Freight,39794.29,0.05,1989.71,41784.0,Pending,,USD,PO-3724
INV-000741,V026,Logistics Provider 26,Warehousing,2025-03-16 17:46:40.000000000,2025-06-14 17:46:40.000000000,NET90,Air Freight,30203.45,0.05,1510.17,31713.62,Paid,2025-06-04 17:46:40,USD,PO-1585
INV-000742,V008,Logistics Provider 8,Customs Broker,2025-03-17 08:04:19.459459464,2025-06-15 08:04:19.459459464,NET90,Road Transport,5961.74,0.1,596.17,6557.91,Paid,2025-06-03 08:04:19.459459464,USD,PO-8472
INV-000743,V050,Logistics Provider 50,Transportation,2025-03-17 22:21:58.918918920,2025-04-16 22:21:58.918918920,NET30,Customs Clearance,42509.83,0.0,0.0,42509.83,Paid,2025-04-13 22:21:58.918918920,USD,PO-9440
INV-000744,V028,Logistics Provider 28,Freight Forwarder,2025-03-18 12:39:38.378378376,2025-05-02 12:39:38.378378376,NET45,Warehousing,27023.18,0.1,2702.32,29725.5,Paid,2025-04-18 12:39:38.378378376,USD,PO-7121
INV-000745,V028,Logistics Provider 28,Freight Forwarder,2025-03-19 02:57:17.837837840,2025-05-18 02:57:17.837837840,NET60,Air Freight,42244.44,0.05,2112.22,44356.66,Paid,2025-05-05 02:57:17.837837840,USD,PO-4192
INV-000746,V037,Logistics Provider 37,Warehousing,2025-03-19 17:14:57.297297296,2025-04-18 17:14:57.297297296,NET30,Road Transport,29430.85,0.05,1471.54,30902.39,Pending,,USD,PO-6125
INV-000747,V041,Logistics Provider 41,Warehousing,2025-03-20 07:32:36.756756760,2025-05-19 07:32:36.756756760,NET60,Last Mile Delivery,28424.73,0.1,2842.47,31267.2,Approved,,USD,PO-7670
INV-000748,V036,Logistics Provider 36,Transportation,2025-03-20 21:50:16.216216216,2025-06-18 21:50:16.216216216,NET90,Sea Freight,6429.143268718341,0.05,321.46,6750.6,Pending,,USD,PO-3053
INV-000748,V036,Logistics Provider 36,Transportation,2025-03-20 21:50:16.216216216,2025-06-18 21:50:16.216216216,NET90,Sea Freight,6157.7,0.05,307.88,6465.58,Pending,,USD,PO-3053
INV-000749,V027,Logistics Provider 27,Transportation,2025-03-21 12:07:55.675675680,2025-05-05 12:07:55.675675680,NET45,Cross-Border,9200.63,0.1,920.06,10120.69,Rejected,,USD,PO-2293
INV-000750,V017,Logistics Provider 17,Freight Forwarder,2025-03-22 02:25:35.135135136,2025-05-21 02:25:35.135135136,NET60,Cross-Border,48629.24,0.05,2431.46,51060.7,Pending,,USD,PO-9456
INV-000751,V009,Logistics Provider 9,Transportation,2025-03-22 16:43:14.594594592,2025-05-21 16:43:14.594594592,NET60,Warehousing,12195.85,0.0,0.0,12195.85,Pending,,USD,PO-4741
INV-000752,V033,Logistics Provider 33,Customs Broker,2025-03-23 07:00:54.054054056,2025-06-21 07:00:54.054054056,NET90,Air Freight,48895.15,0.0,0.0,48895.15,Paid,2025-06-08 07:00:54.054054056,USD,PO-1386
INV-000753,V020,Logistics Provider 20,Warehousing,2025-03-23 21:18:33.513513512,2025-05-22 21:18:33.513513512,NET60,Cross-Border,27063.72,0.05,1353.19,28416.91,Rejected,,USD,PO-3844
INV-000754,V013,Logistics Provider 13,Transportation,2025-03-24 11:36:12.972972976,2025-05-23 11:36:12.972972976,NET60,Customs Clearance,7653.66,0.1,765.37,8419.03,Paid,2025-05-16 11:36:12.972972976,USD,PO-5859
INV-000755,V028,Logistics Provider 28,Freight Forwarder,2025-03-25 01:53:52.432432432,2025-06-23 01:53:52.432432432,NET90,Cross-Border,5865.81,0.0,0.0,5865.81,Pending,,USD,PO-9044
INV-000756,V048,Logistics Provider 48,Customs Broker,2025-03-25 16:11:31.891891896,2025-04-24 16:11:31.891891896,NET30,Cross-Border,11234.34,0.1,1123.43,12357.77,Pending,,USD,PO-7227
INV-000757,V029,Logistics Provider 29,Customs Broker,2025-03-26 06:29:11.351351352,2025-06-24 06:29:11.351351352,NET90,Cross-Border,46356.23,0.05,2317.81,48674.04,Approved,,USD,PO-5175
INV-000758,V013,Logistics Provider 13,Transportation,2025-03-26 20:46:50.810810808,2025-04-25 20:46:50.810810808,NET30,Express Delivery,21293.36,0.1,2129.34,23422.7,Pending,,USD,PO-8692
INV-000759,V046,Logistics Provider 46,Freight Forwarder,2025-03-27 11:04:30.270270272,2025-05-11 11:04:30.270270272,NET45,Road Transport,20376.28,0.0,0.0,20376.28,Pending,,USD,PO-1884
INV-000760,V035,Logistics Provider 35,Freight Forwarder,2025-03-28 01:22:09.729729728,2025-04-27 01:22:09.729729728,NET30,Air Freight,16347.11,0.1,1634.71,17981.82,Approved,,USD,PO-5596
INV-000761,V006,Logistics Provider 6,Last Mile Delivery,2025-03-28 15:39:49.189189192,2025-04-27 15:39:49.189189192,NET30,Customs Clearance,8206.03,0.1,820.6,9026.63,Rejected,,USD,PO-1111
INV-000762,V018,Logistics Provider 18,Last Mile Delivery,2025-03-29 05:57:28.648648648,2025-05-13 05:57:28.648648648,NET45,Air Freight,24904.71,0.05,1245.24,26149.95,Approved,,USD,PO-9356
INV-000763,V005,Logistics Provider 5,Warehousing,2025-03-29 20:15:08.108108112,2025-04-28 20:15:08.108108112,NET30,Express Delivery,7372.34,0.05,368.62,7740.96,Paid,2025-04-24 20:15:08.108108112,USD,PO-7900
INV-000764,V047,Logistics Provider 47,Freight Forwarder,2025-03-30 10:32:47.567567568,2025-06-28 10:32:47.567567568,NET90,Warehousing,41938.53,0.05,2096.93,44035.46,Paid,2025-06-20 10:32:47.567567568,USD,PO-4818
INV-000765,V025,Logistics Provider 25,Last Mile Delivery,2025-03-31 00:50:27.027027032,2025-04-30 00:50:27.027027032,NET30,Warehousing,19149.45,0.0,0.0,19149.45,Approved,,USD,PO-6350
INV-000766,V002,Logistics Provider 2,Transportation,2025-03-31 15:08:06.486486488,2025-05-15 15:08:06.486486488,NET45,Warehousing,19365.37,0.0,0.0,19365.37,Paid,2025-05-12 15:08:06.486486488,USD,PO-5895
INV-000767,V010,Logistics Provider 10,Last Mile Delivery,2025-04-01 05:25:45.945945944,2025-06-30 05:25:45.945945944,NET90,Last Mile Delivery,24226.31,0.05,1211.32,25437.63,Approved,,USD,PO-9044
INV-000768,V030,Logistics Provider 30,Warehousing,2025-04-01 19:43:25.405405408,2025-05-16 19:43:25.405405408,NET45,Cross-Border,22762.26,0.05,1138.11,23900.37,Pending,,USD,PO-2724
INV-000769,V050,Logistics Provider 50,Transportation,2025-04-02 10:01:04.864864864,2025-05-17 10:01:04.864864864,NET45,Last Mile Delivery,49748.04,0.0,0.0,49748.04,Paid,2025-05-02 10:01:04.864864864,USD,PO-5019
INV-000770,V045,Logistics Provider 45,Customs Broker,2025-04-03 00:18:44.324324328,2025-06-02 00:18:44.324324328,NET60,Road Transport,27723.67,0.0,0.0,27723.67,Pending,,USD,PO-8276
INV-000771,V005,Logistics Provider 5,Warehousing,2025-04-03 14:36:23.783783784,2025-06-02 14:36:23.783783784,NET60,Warehousing,5321.88,0.0,0.0,5321.88,Rejected,,USD,PO-3614
INV-000772,V033,Logistics Provider 33,Customs Broker,2025-04-04 04:54:03.243243248,2025-05-19 04:54:03.243243248,NET45,Express Delivery,30736.99,0.0,0.0,30736.99,Pending,,USD,PO-3478
INV-000773,V001,Logistics Provider 1,Last Mile Delivery,2025-04-04 19:11:42.702702704,2025-05-19 19:11:42.702702704,NET45,Customs Clearance,8427.63,0.05,421.38,8849.01,Paid,2025-05-06 19:11:42.702702704,USD,PO-6567
INV-000774,V018,Logistics Provider 18,Last Mile Delivery,2025-04-05 09:29:22.162162160,2025-05-20 09:29:22.162162160,NET45,Air Freight,2515.94,0.0,0.0,2515.94,Approved,,USD,PO-6872
INV-000775,V032,Logistics Provider 32,Freight Forwarder,2025-04-05 23:47:01.621621624,2025-06-04 23:47:01.621621624,NET60,Cross-Border,48566.37,0.05,2428.32,50994.69,Pending,,USD,PO-7586
INV-000776,V047,Logistics Provider 47,Freight Forwarder,2025-04-06 14:04:41.081081080,2025-06-05 14:04:41.081081080,NET60,Sea Freight,38903.41,0.1,3890.34,42793.75,Pending,,USD,PO-5700
INV-000777,V049,Logistics Provider 49,Transportation,2025-04-07 04:22:20.540540544,2025-05-07 04:22:20.540540544,NET30,Customs Clearance,49025.34,0.1,4902.53,53927.87,Paid,2025-04-27 04:22:20.540540544,USD,PO-2007
INV-000778,V011,Logistics Provider 11,Freight Forwarder,2025-04-07 18:40:00.000000000,2025-05-07 18:40:00.000000000,NET30,Cross-Border,24416.04,0.0,0.0,24416.04,Paid,2025-04-22 18:40:00,USD,PO-3426
INV-000779,V021,Logistics Provider 21,Customs Broker,2025-04-08 08:57:39.459459464,2025-05-23 08:57:39.459459464,NET45,Last Mile Delivery,27080.62,0.1,2708.06,29788.68,Paid,2025-05-18 08:57:39.459459464,USD,PO-3158
INV-000780,V026,Logistics Provider 26,Warehousing,2025-04-08 23:15:18.918918920,2025-07-07 23:15:18.918918920,NET90,Last Mile Delivery,9248.51,0.1,924.85,10173.36,Approved,,USD,PO-5636
INV-000781,V025,Logistics Provider 25,Last Mile Delivery,2025-04-09 13:32:58.378378376,2025-07-08 13:32:58.378378376,NET90,Customs Clearance,13098.46,0.1,1309.85,14408.31,Paid,2025-06-27 13:32:58.378378376,USD,PO-5850
INV-000782,V022,Logistics Provider 22,Customs Broker,2025-04-10 03:50:37.837837840,2025-06-09 03:50:37.837837840,NET60,Last Mile Delivery,42088.91,0.0,0.0,42088.91,Paid,2025-06-06 03:50:37.837837840,USD,PO-2189
INV-000783,V027,Logistics Provider 27,Transportation,2025-04-10 18:08:17.297297296,2025-06-09 18:08:17.297297296,NET60,Warehousing,18453.1,0.0,0.0,18453.1,Paid,2025-05-30 18:08:17.297297296,USD,PO-9961
INV-000784,V049,Logistics Provider 49,Transportation,2025-04-11 08:25:56.756756760,2025-06-10 08:25:56.756756760,NET60,Road Transport,41513.93,0.1,4151.39,45665.32,Approved,,USD,PO-8984
INV-000785,V013,Logistics Provider 13,Transportation,2025-04-11 22:43:36.216216216,2025-05-26 22:43:36.216216216,NET45,Air Freight,35741.67,0.05,1787.08,37528.75,Paid,2025-05-18 22:43:36.216216216,USD,PO-5196
INV-000786,V033,Logistics Provider 33,Customs Broker,2025-04-12 13:01:15.675675680,2025-07-11 13:01:15.675675680,NET90,Road Transport,9681.38,0.1,968.14,10649.52,Paid,2025-06-30 13:01:15.675675680,USD,PO-5939
INV-000787,V034,Logistics Provider 34,Warehousing,2025-04-13 03:18:55.135135136,2025-05-13 03:18:55.135135136,NET30,Cross-Border,25864.87,0.0,0.0,25864.87,Approved,,USD,PO-6312
INV-000788,V041,Logistics Provider 41,Warehousing,2025-04-13 17:36:34.594594592,2025-05-28 17:36:34.594594592,NET45,Air Freight,34191.98,0.0,0.0,34191.98,Paid,2025-04-14 17:36:34.594594592,USD,PO-5404
INV-000789,V035,Logistics Provider 35,Freight Forwarder,2025-04-14 07:54:14.054054056,2025-05-14 07:54:14.054054056,NET30,Express Delivery,12516.82,0.0,0.0,12516.82,Paid,2025-05-08 07:54:14.054054056,USD,PO-5456
INV-000790,V001,Logistics Provider 1,Last Mile Delivery,2025-04-14 22:11:53.513513512,2025-05-14 22:11:53.513513512,NET30,Air Freight,41703.74,0.1,4170.37,45874.11,Pending,,USD,PO-7076
INV-000791,V021,Logistics Provider 21,Customs Broker,2025-04-15 12:29:32.972972976,2025-05-30 12:29:32.972972976,NET45,Road Transport,27696.56,0.05,1384.83,29081.39,Pending,,USD,PO-7644
INV-000792,V048,Logistics Provider 48,Customs Broker,2025-04-16 02:47:12.432432432,2025-05-16 02:47:12.432432432,NET30,Customs Clearance,9096.86,0.0,0.0,9096.86,Approved,,USD,PO-7677
INV-000793,V006,Logistics Provider 6,Last Mile Delivery,2025-04-16 17:04:51.891891896,2025-07-15 17:04:51.891891896,NET90,Air Freight,29566.24,0.0,0.0,29566.24,Paid,2025-07-06 17:04:51.891891896,USD,PO-2691
INV-000794,V028,Logistics Provider 28,Freight Forwarder,2025-04-17 07:22:31.351351352,2025-05-17 07:22:31.351351352,NET30,Express Delivery,49985.98,0.1,4998.6,54984.58,Paid,2025-05-04 07:22:31.351351352,USD,PO-8358
INV-000795,V017,Logistics Provider 17,Freight Forwarder,2025-04-17 21:40:10.810810808,2025-07-16 21:40:10.810810808,NET90,Express Delivery,8375.55,0.05,418.78,8794.33,Pending,,USD,PO-6220
INV-000796,V005,Logistics Provider 5,Warehousing,2025-04-18 11:57:50.270270272,2025-07-17 11:57:50.270270272,NET90,Express Delivery,41021.09,0.1,4102.11,45123.2,Paid,2025-07-15 11:57:50.270270272,USD,PO-5912
INV-000797,V031,Logistics Provider 31,Customs Broker,2025-04-19 02:15:29.729729728,2025-07-18 02:15:29.729729728,NET90,Road Transport,11158.14,0.0,0.0,11158.14,Paid,2025-07-09 02:15:29.729729728,USD,PO-3143
INV-000798,V005,Logistics Provider 5,Warehousing,2025-04-19 16:33:09.189189192,2025-06-18 16:33:09.189189192,NET60,Air Freight,39337.03,0.05,1966.85,41303.88,Pending,,USD,PO-7877
INV-000799,V038,Logistics Provider 38,Last Mile Delivery,2025-04-20 06:50:48.648648648,2025-05-20 06:50:48.648648648,NET30,Sea Freight,36994.32,0.05,1849.72,38844.04,Paid,2025-05-14 06:50:48.648648648,USD,PO-4163
INV-000800,V003,Logistics Provider 3,Warehousing,2025-04-20 21:08:28.108108112,2025-06-04 21:08:28.108108112,NET45,Customs Clearance,15723.98,0.0,0.0,15723.98,Rejected,,USD,PO-4662
INV-000801,V023,Logistics Provider 23,Warehousing,2025-04-21 11:26:07.567567568,2025-06-05 11:26:07.567567568,NET45,Warehousing,16965.33,0.05,848.27,17813.6,Paid,2025-05-24 11:26:07.567567568,USD,PO-3957
INV-000802,V037,Logistics Provider 37,Warehousing,2025-04-22 01:43:47.027027032,2025-05-22 01:43:47.027027032,NET30,Air Freight,39833.55,0.05,1991.68,41825.23,Paid,2025-05-18 01:43:47.027027032,USD,PO-8340
INV-000803,V037,Logistics Provider 37,Warehousing,2025-04-22 16:01:26.486486488,2025-06-21 16:01:26.486486488,NET60,Express Delivery,23610.83,0.1,2361.08,25971.91,Rejected,,USD,PO-2904
INV-000804,V010,Logistics Provider 10,Last Mile Delivery,2025-04-23 06:19:05.945945944,2025-06-22 06:19:05.945945944,NET60,Sea Freight,36810.08,0.0,0.0,36810.08,Paid,2025-06-16 06:19:05.945945944,USD,PO-9332
INV-000805,V010,Logistics Provider 10,Last Mile Delivery,2025-04-23 20:36:45.405405408,2025-07-22 20:36:45.405405408,NET90,Warehousing,8251.22,0.0,0.0,8251.22,Approved,,USD,PO-4905
INV-000806,V019,Logistics Provider 19,Freight Forwarder,2025-04-24 10:54:24.864864864,2025-05-24 10:54:24.864864864,NET30,Warehousing,42775.33,0.0,0.0,42775.33,Paid,2025-05-10 10:54:24.864864864,USD,PO-8587
INV-000807,V017,Logistics Provider 17,Freight Forwarder,2025-04-25 01:12:04.324324328,2025-05-25 01:12:04.324324328,NET30,Cross-Border,179166.75,0.0,0.0,179166.75,Paid,2025-05-11 01:12:04.324324328,USD,PO-3119
INV-000808,V021,Logistics Provider 21,Customs Broker,2025-04-25 15:29:43.783783784,2025-06-09 15:29:43.783783784,NET45,Air Freight,45440.2,0.0,0.0,45440.2,Paid,2025-05-27 15:29:43.783783784,USD,PO-6556
INV-000809,V014,Logistics Provider 14,Customs Broker,2025-04-26 05:47:23.243243248,2025-05-26 05:47:23.243243248,NET30,Road Transport,7486.25,0.05,374.31,7860.56,Approved,,USD,PO-5555
INV-000810,V009,Logistics Provider 9,Transportation,2025-04-26 20:05:02.702702704,2025-06-25 20:05:02.702702704,NET60,Air Freight,30057.71,0.1,3005.77,33063.48,Paid,2025-06-20 20:05:02.702702704,USD,PO-9974
INV-000811,V046,Logistics Provider 46,Freight Forwarder,2025-04-27 10:22:42.162162160,2025-05-27 10:22:42.162162160,NET30,Sea Freight,30356.91,0.0,0.0,30356.91,Pending,,USD,PO-4386
INV-000812,V001,Logistics Provider 1,Last Mile Delivery,2025-04-28 00:40:21.621621624,2025-06-12 00:40:21.621621624,NET45,Warehousing,18319.58,0.1,1831.96,20151.54,Rejected,,USD,PO-7751
INV-000813,V045,Logistics Provider 45,Customs Broker,2025-04-28 14:58:01.081081080,2025-07-27 14:58:01.081081080,NET90,Air Freight,23464.85,0.1,2346.48,25811.33,Approved,,USD,PO-3775
INV-000814,V013,Logistics Provider 13,Transportation,2025-04-29 05:15:40.540540544,2025-06-13 05:15:40.540540544,NET45,Road Transport,2861.1,0.05,143.06,3004.16,Pending,,USD,PO-3915
INV-000815,V004,Logistics Provider 4,Transportation,2025-04-29 19:33:20.000000000,2025-06-13 19:33:20.000000000,NET45,Cross-Border,37547.14,0.0,0.0,37547.14,Approved,,USD,PO-2495
INV-000816,V001,Logistics Provider 1,Last Mile Delivery,2025-04-30 09:50:59.459459464,2025-07-29 09:50:59.459459464,NET90,Air Freight,27916.8,0.05,1395.84,29312.64,Pending,,USD,PO-1342
INV-000817,V049,Logistics Provider 49,Transportation,2025-05-01 00:08:38.918918920,2025-06-15 00:08:38.918918920,NET45,Customs Clearance,3829.31,0.0,0.0,3829.31,Paid,2025-05-31 00:08:38.918918920,USD,PO-3280
INV-000818,V040,Logistics Provider 40,Freight Forwarder,2025-05-01 14:26:18.378378376,2025-06-15 14:26:18.378378376,NET45,Cross-Border,34357.04,0.05,1717.85,36074.89,Rejected,,USD,PO-8364
INV-000819,V032,Logistics Provider 32,Freight Forwarder,2025-05-02 04:43:57.837837840,2025-06-01 04:43:57.837837840,NET30,Road Transport,23872.32,0.1,2387.23,26259.55,Paid,2025-05-20 04:43:57.837837840,USD,PO-8495
INV-000820,V034,Logistics Provider 34,Warehousing,2025-05-02 19:01:37.297297296,2025-06-01 19:01:37.297297296,NET30,Sea Freight,2688.6,0.0,0.0,2688.6,Pending,,USD,PO-8124
INV-000821,V028,Logistics Provider 28,Freight Forwarder,2025-05-03 09:19:16.756756760,2025-08-01 09:19:16.756756760,NET90,Warehousing,48510.78,0.1,4851.08,53361.86,Pending,,USD,PO-7259
INV-000822,V031,Logistics Provider 31,Customs Broker,2025-05-03 23:36:56.216216216,2025-06-02 23:36:56.216216216,NET30,Air Freight,47506.5,0.1,4750.65,52257.15,Paid,2025-05-27 23:36:56.216216216,USD,PO-5032
INV-000823,V008,Logistics Provider 8,Customs Broker,2025-05-04 13:54:35.675675680,2025-06-03 13:54:35.675675680,NET30,Road Transport,26132.22,0.05,1306.61,27438.83,Rejected,,USD,PO-2545
INV-000824,V039,Logistics Provider 39,Warehousing,2025-05-05 04:12:15.135135136,2025-06-19 04:12:15.135135136,NET45,Cross-Border,5589.95,0.0,0.0,5589.95,Approved,,USD,PO-7579
INV-000825,V026,Logistics Provider 26,Warehousing,2025-05-05 18:29:54.594594592,2025-07-04 18:29:54.594594592,NET60,Customs Clearance,37976.44,0.1,3797.64,41774.08,Approved,,USD,PO-6316
INV-000826,V034,Logistics Provider 34,Warehousing,2025-05-06 08:47:34.054054056,2025-06-05 08:47:34.054054056,NET30,Road Transport,25104.62,0.05,1255.23,26359.85,Approved,,USD,PO-1639
INV-000827,V003,Logistics Provider 3,Warehousing,2025-05-06 23:05:13.513513512,2025-07-05 23:05:13.513513512,NET60,Last Mile Delivery,15819.93,0.0,0.0,15819.93,Paid,2025-06-23 23:05:13.513513512,USD,PO-1439
INV-000828,V050,Logistics Provider 50,Transportation,2025-05-07 13:22:52.972972976,2025-06-06 13:22:52.972972976,NET30,Express Delivery,25079.49,0.0,0.0,25079.49,Paid,2025-06-06 13:22:52.972972976,USD,PO-7549
INV-000829,V012,Logistics Provider 12,Last Mile Delivery,2025-05-08 03:40:32.432432432,2025-06-07 03:40:32.432432432,NET30,Customs Clearance,26599.76,0.1,2659.98,29259.74,Approved,,USD,PO-8603
INV-000830,V001,Logistics Provider 1,Last Mile Delivery,2025-05-08 17:58:11.891891896,2025-08-06 17:58:11.891891896,NET90,Cross-Border,28572.87,0.0,0.0,28572.87,Approved,,USD,PO-8845
INV-000831,V044,Logistics Provider 44,Last Mile Delivery,2025-05-09 08:15:51.351351352,2025-08-07 08:15:51.351351352,NET90,Sea Freight,22619.96,0.1,2262.0,24881.96,Paid,2025-07-29 08:15:51.351351352,USD,PO-7226
INV-000832,V005,Logistics Provider 5,Warehousing,2025-05-09 22:33:30.810810816,2025-08-07 22:33:30.810810816,NET90,Warehousing,30682.01,0.0,0.0,30682.01,Pending,,USD,PO-4597
INV-000833,V030,Logistics Provider 30,Warehousing,2025-05-10 12:51:10.270270272,2025-07-09 12:51:10.270270272,NET60,Cross-Border,46018.0,0.05,2300.9,48318.9,Approved,,USD,PO-1075
INV-000834,V030,Logistics Provider 30,Warehousing,2025-05-11 03:08:49.729729728,2025-06-25 03:08:49.729729728,NET45,Express Delivery,18751.14,0.1,1875.11,20626.25,Paid,2025-06-16 03:08:49.729729728,USD,PO-7298
INV-000835,V017,Logistics Provider 17,Freight Forwarder,2025-05-11 17:26:29.189189192,2025-06-10 17:26:29.189189192,NET30,Sea Freight,36560.11,0.1,3656.01,40216.12,Pending,,USD,PO-7262
INV-000836,V048,Logistics Provider 48,Customs Broker,2025-05-12 07:44:08.648648648,2025-06-11 07:44:08.648648648,NET30,Air Freight,44828.18,0.0,0.0,44828.18,Pending,,USD,PO-6545
INV-000837,V047,Logistics Provider 47,Freight Forwarder,2025-05-12 22:01:48.108108112,2025-06-11 22:01:48.108108112,NET30,Road Transport,23342.98,0.0,0.0,23342.98,Paid,2025-06-07 22:01:48.108108112,USD,PO-3833
INV-000838,V023,Logistics Provider 23,Warehousing,2025-05-13 12:19:27.567567568,2025-07-12 12:19:27.567567568,NET60,Last Mile Delivery,22729.34,0.1,2272.93,25002.27,Paid,2025-07-03 12:19:27.567567568,USD,PO-4848
INV-000839,V015,Logistics Provider 15,Last Mile Delivery,2025-05-14 02:37:07.027027032,2025-08-12 02:37:07.027027032,NET90,Customs Clearance,30503.73,0.0,0.0,30503.73,Paid,2025-08-10 02:37:07.027027032,USD,PO-9346
INV-000840,V037,Logistics Provider 37,Warehousing,2025-05-14 16:54:46.486486488,2025-06-28 16:54:46.486486488,NET45,Customs Clearance,29978.93,0.05,1498.95,31477.88,Paid,2025-06-14 16:54:46.486486488,USD,PO-7360
INV-000841,V021,Logistics Provider 21,Customs Broker,2025-05-15 07:12:25.945945944,2025-07-14 07:12:25.945945944,NET60,Road Transport,40522.88,0.0,0.0,40522.88,Paid,2025-07-06 07:12:25.945945944,USD,PO-4643
INV-000842,V014,Logistics Provider 14,Customs Broker,2025-05-15 21:30:05.405405408,2025-08-13 21:30:05.405405408,NET90,Last Mile Delivery,24347.69,0.05,1217.38,25565.07,Paid,2025-08-13 21:30:05.405405408,USD,PO-6078
INV-000843,V002,Logistics Provider 2,Transportation,2025-05-16 11:47:44.864864864,2025-07-15 11:47:44.864864864,NET60,Road Transport,49810.02,0.05,2490.5,52300.52,Approved,,USD,PO-4613
INV-000844,V011,Logistics Provider 11,Freight Forwarder,2025-05-17 02:05:24.324324328,2025-07-01 02:05:24.324324328,NET45,Air Freight,3914.11,0.05,195.71,4109.82,Paid,2025-06-28 02:05:24.324324328,USD,PO-3844
INV-000845,V039,Logistics Provider 39,Warehousing,2025-05-17 16:23:03.783783784,2025-08-15 16:23:03.783783784,NET90,Express Delivery,1155.22,0.05,57.76,1212.98,Rejected,,USD,PO-2785
INV-000846,V038,Logistics Provider 38,Last Mile Delivery,2025-05-18 06:40:43.243243248,2025-07-17 06:40:43.243243248,NET60,Sea Freight,32369.72,0.05,1618.49,33988.21,Approved,,USD,PO-2701
INV-000847,V034,Logistics Provider 34,Warehousing,2025-05-18 20:58:22.702702704,2025-07-02 20:58:22.702702704,NET45,Cross-Border,15623.31,0.0,0.0,15623.31,Approved,,USD,PO-2852
INV-000848,V038,Logistics Provider 38,Last Mile Delivery,2025-05-19 11:16:02.162162160,2025-06-18 11:16:02.162162160,NET30,Customs Clearance,12778.74,0.05,638.94,13417.68,Approved,,USD,PO-6194
INV-000849,V050,Logistics Provider 50,Transportation,2025-05-20 01:33:41.621621624,2025-07-04 01:33:41.621621624,NET45,Air Freight,16283.05,0.0,0.0,16283.05,Pending,,USD,PO-5985
INV-000850,V034,Logistics Provider 34,Warehousing,2025-05-20 15:51:21.081081080,2025-06-19 15:51:21.081081080,NET30,Sea Freight,13546.33,0.05,677.32,14223.65,Pending,,USD,PO-9506
INV-000851,V018,Logistics Provider 18,Last Mile Delivery,2025-05-21 06:09:00.540540544,2025-07-20 06:09:00.540540544,NET60,Air Freight,2508.71,0.1,250.87,2759.58,Paid,2025-07-05 06:09:00.540540544,USD,PO-5819
INV-000852,V030,Logistics Provider 30,Warehousing,2025-05-21 20:26:40.000000000,2025-08-19 20:26:40.000000000,NET90,Last Mile Delivery,48605.12,0.05,2430.26,51035.38,Rejected,,USD,PO-7967
INV-000853,V015,Logistics Provider 15,Last Mile Delivery,2025-05-22 10:44:19.459459464,2025-08-20 10:44:19.459459464,NET90,Customs Clearance,11816.53,0.1,1181.65,12998.18,Approved,,USD,PO-8461
INV-000854,V027,Logistics Provider 27,Transportation,2025-05-23 01:01:58.918918920,2025-07-22 01:01:58.918918920,NET60,Cross-Border,36967.46,0.05,1848.37,38815.83,Pending,,USD,PO-8254
INV-000855,V034,Logistics Provider 34,Warehousing,2025-05-23 15:19:38.378378376,2025-08-21 15:19:38.378378376,NET90,Road Transport,38367.22,0.05,1918.36,40285.58,Pending,,USD,PO-3382
INV-000856,V038,Logistics Provider 38,Last Mile Delivery,2025-05-24 05:37:17.837837840,2025-08-22 05:37:17.837837840,NET90,Road Transport,46533.61,0.05,2326.68,48860.29,Paid,2025-08-11 05:37:17.837837840,USD,PO-4260
INV-000857,V033,Logistics Provider 33,Customs Broker,2025-05-24 19:54:57.297297296,2025-06-23 19:54:57.297297296,NET30,Sea Freight,2496.92,0.1,249.69,2746.61,Approved,,USD,PO-6659
INV-000858,V024,Logistics Provider 24,Freight Forwarder,2025-05-25 10:12:36.756756760,2025-07-24 10:12:36.756756760,NET60,Cross-Border,43730.37,0.1,4373.04,48103.41,Approved,,USD,PO-3861
INV-000859,V015,Logistics Provider 15,Last Mile Delivery,2025-05-26 00:30:16.216216216,2025-07-10 00:30:16.216216216,NET45,Express Delivery,26834.08,0.05,1341.7,28175.78,Approved,,USD,PO-5367
INV-000860,V030,Logistics Provider 30,Warehousing,2025-05-26 14:47:55.675675680,2025-06-25 14:47:55.675675680,NET30,Warehousing,31994.66,0.0,0.0,31994.66,Approved,,USD,PO-9160
INV-000861,V042,Logistics Provider 42,Transportation,2025-05-27 05:05:35.135135136,2025-07-26 05:05:35.135135136,NET60,Last Mile Delivery,32579.04,0.05,1628.95,34207.99,Approved,,USD,PO-8198
INV-000862,V017,Logistics Provider 17,Freight Forwarder,2025-05-27 19:23:14.594594592,2025-06-26 19:23:14.594594592,NET30,Sea Freight,41170.09,0.1,4117.01,45287.1,Paid,2025-06-19 19:23:14.594594592,USD,PO-5494
INV-000863,V005,Logistics Provider 5,Warehousing,2025-05-28 09:40:54.054054056,2025-07-12 09:40:54.054054056,NET45,Warehousing,17336.96,0.05,866.85,18203.81,Paid,2025-06-27 09:40:54.054054056,USD,PO-4510
INV-000864,V029,Logistics Provider 29,Customs Broker,2025-05-28 23:58:33.513513512,2025-07-12 23:58:33.513513512,NET45,Air Freight,36919.51,0.1,3691.95,40611.46,Paid,2025-07-01 23:58:33.513513512,USD,PO-6794
INV-000865,V004,Logistics Provider 4,Transportation,2025-05-29 14:16:12.972972976,2025-07-28 14:16:12.972972976,NET60,Last Mile Delivery,26900.33,0.1,2690.03,29590.36,Approved,,USD,PO-9431
INV-000866,V010,Logistics Provider 10,Last Mile Delivery,2025-05-30 04:33:52.432432432,2025-07-14 04:33:52.432432432,NET45,Air Freight,39876.31,0.1,3987.63,43863.94,Paid,2025-06-30 04:33:52.432432432,USD,PO-6143
INV-000867,V017,Logistics Provider 17,Freight Forwarder,2025-05-30 18:51:31.891891896,2025-06-29 18:51:31.891891896,NET30,Express Delivery,49536.76,0.05,2476.84,52013.6,Paid,2025-06-19 18:51:31.891891896,USD,PO-5477
INV-000868,V010,Logistics Provider 10,Last Mile Delivery,2025-05-31 09:09:11.351351352,2025-07-15 09:09:11.351351352,NET45,Cross-Border,10831.9,0.1,1083.19,11915.09,Pending,,USD,PO-9603
INV-000869,V017,Logistics Provider 17,Freight Forwarder,2025-05-31 23:26:50.810810816,2025-06-30 23:26:50.810810816,NET30,Customs Clearance,49737.78,0.1,4973.78,54711.56,Paid,2025-06-15 23:26:50.810810816,USD,PO-8808
INV-000870,V020,Logistics Provider 20,Warehousing,2025-06-01 13:44:30.270270272,2025-07-01 13:44:30.270270272,NET30,Last Mile Delivery,5400.8,0.05,270.04,5670.84,Approved,,USD,PO-3636
INV-000871,V024,Logistics Provider 24,Freight Forwarder,2025-06-02 04:02:09.729729728,2025-07-17 04:02:09.729729728,NET45,Warehousing,1113.56,0.1,111.36,1224.92,Paid,2025-07-14 04:02:09.729729728,USD,PO-5882
INV-000872,V005,Logistics Provider 5,Warehousing,2025-06-02 18:19:49.189189192,2025-08-01 18:19:49.189189192,NET60,Express Delivery,3163.93,0.05,158.2,3322.13,Approved,,USD,PO-5091
INV-000873,V034,Logistics Provider 34,Warehousing,2025-06-03 08:37:28.648648648,2025-09-01 08:37:28.648648648,NET90,Customs Clearance,17747.34,0.1,1774.73,19522.07,Rejected,,USD,PO-9130
INV-000874,V006,Logistics Provider 6,Last Mile Delivery,2025-06-03 22:55:08.108108112,2025-07-18 22:55:08.108108112,NET45,Road Transport,32012.41,0.0,0.0,32012.41,Pending,,USD,PO-9782
INV-000875,V002,Logistics Provider 2,Transportation,2025-06-04 13:12:47.567567568,2025-07-04 13:12:47.567567568,NET30,Warehousing,4382.45,0.0,0.0,4382.45,Paid,2025-06-23 13:12:47.567567568,USD,PO-1506
INV-000876,V013,Logistics Provider 13,Transportation,2025-06-05 03:30:27.027027032,2025-07-05 03:30:27.027027032,NET30,Sea Freight,1277.62,0.1,127.76,1405.38,Paid,2025-06-24 03:30:27.027027032,USD,PO-6179
INV-000877,V043,Logistics Provider 43,Transportation,2025-06-05 17:48:06.486486488,2025-07-20 17:48:06.486486488,NET45,Road Transport,46917.46,0.0,0.0,46917.46,Paid,2025-07-16 17:48:06.486486488,USD,PO-7157
INV-000878,V043,Logistics Provider 43,Transportation,2025-06-06 08:05:45.945945944,2025-08-05 08:05:45.945945944,NET60,Express Delivery,41274.41,0.05,2063.72,43338.13,Approved,,USD,PO-5671
INV-000879,V048,Logistics Provider 48,Customs Broker,2025-06-06 22:23:25.405405408,2025-08-05 22:23:25.405405408,NET60,Road Transport,40649.98,0.0,0.0,40649.98,Approved,,USD,PO-1113
INV-000880,V011,Logistics Provider 11,Freight Forwarder,2025-06-07 12:41:04.864864864,2025-07-07 12:41:04.864864864,NET30,Sea Freight,44336.79,0.1,4433.68,48770.47,Paid,2025-07-07 12:41:04.864864864,USD,PO-8866
INV-000881,V047,Logistics Provider 47,Freight Forwarder,2025-06-08 02:58:44.324324328,2025-07-08 02:58:44.324324328,NET30,Last Mile Delivery,35301.68,0.1,3530.17,38831.85,Approved,,USD,PO-6079
INV-000882,V023,Logistics Provider 23,Warehousing,2025-06-08 17:16:23.783783784,2025-08-07 17:16:23.783783784,NET60,Road Transport,6115.8,0.05,305.79,6421.59,Approved,,USD,PO-9036
INV-000883,V016,Logistics Provider 16,Warehousing,2025-06-09 07:34:03.243243248,2025-09-07 07:34:03.243243248,NET90,Cross-Border,20555.91,0.1,2055.59,22611.5,Paid,2025-09-06 07:34:03.243243248,USD,PO-2215
INV-000884,V031,Logistics Provider 31,Customs Broker,2025-06-09 21:51:42.702702704,2025-07-24 21:51:42.702702704,NET45,Warehousing,36434.32,0.05,1821.72,38256.04,Paid,2025-07-15 21:51:42.702702704,USD,PO-9100
INV-000885,V011,Logistics Provider 11,Freight Forwarder,2025-06-10 12:09:22.162162160,2025-07-10 12:09:22.162162160,NET30,Customs Clearance,14736.39,0.0,0.0,14736.39,Approved,,USD,PO-5009
INV-000886,V016,Logistics Provider 16,Warehousing,2025-06-11 02:27:01.621621624,2025-07-11 02:27:01.621621624,NET30,Road Transport,34682.91,0.0,0.0,34682.91,Approved,,USD,PO-6368
INV-000887,V008,Logistics Provider 8,Customs Broker,2025-06-11 16:44:41.081081080,2025-08-10 16:44:41.081081080,NET60,Warehousing,2200.42,0.05,110.02,2310.44,Approved,,USD,PO-5478
INV-000888,V004,Logistics Provider 4,Transportation,2025-06-12 07:02:20.540540544,2025-07-27 07:02:20.540540544,NET45,Air Freight,16000.73,0.05,800.04,16800.77,Paid,2025-07-13 07:02:20.540540544,USD,PO-3734
INV-000889,V040,Logistics Provider 40,Freight Forwarder,2025-06-12 21:20:00.000000000,2025-08-11 21:20:00.000000000,NET60,Warehousing,27907.39,0.1,2790.74,30698.13,Paid,2025-08-06 21:20:00,USD,PO-1558
INV-000890,V004,Logistics Provider 4,Transportation,2025-06-13 11:37:39.459459464,2025-07-28 11:37:39.459459464,NET45,Customs Clearance,31972.4,0.0,0.0,31972.4,Paid,2025-07-19 11:37:39.459459464,USD,PO-7674
INV-000891,V025,Logistics Provider 25,Last Mile Delivery,2025-06-14 01:55:18.918918920,2025-07-29 01:55:18.918918920,NET45,Warehousing,29274.99,0.05,1463.75,30738.74,Rejected,,USD,PO-3381
INV-000892,V003,Logistics Provider 3,Warehousing,2025-06-14 16:12:58.378378376,2025-07-29 16:12:58.378378376,NET45,Sea Freight,35190.06,0.0,0.0,35190.06,Approved,,USD,PO-4367
INV-000893,V032,Logistics Provider 32,Freight Forwarder,2025-06-15 06:30:37.837837840,2025-07-15 06:30:37.837837840,NET30,Express Delivery,1298.35,0.05,64.92,1363.27,Pending,,USD,PO-9879
INV-000894,V003,Logistics Provider 3,Warehousing,2025-06-15 20:48:17.297297296,2025-09-13 20:48:17.297297296,NET90,Customs Clearance,5946.12,0.0,0.0,5946.12,Pending,,USD,PO-1859
INV-000895,V027,Logistics Provider 27,Transportation,2025-06-16 11:05:56.756756760,2025-08-15 11:05:56.756756760,NET60,Express Delivery,43578.27,0.1,4357.83,47936.1,Approved,,USD,PO-3992
INV-000896,V029,Logistics Provider 29,Customs Broker,2025-06-17 01:23:36.216216216,2025-09-15 01:23:36.216216216,NET90,Last Mile Delivery,34405.68,0.0,0.0,34405.68,Rejected,,USD,PO-2729
INV-000897,V032,Logistics Provider 32,Freight Forwarder,2025-06-17 15:41:15.675675680,2025-08-16 15:41:15.675675680,NET60,Express Delivery,6533.65,0.0,0.0,6533.65,Paid,2025-08-05 15:41:15.675675680,USD,PO-2855
INV-000898,V050,Logistics Provider 50,Transportation,2025-06-18 05:58:55.135135136,2025-08-02 05:58:55.135135136,NET45,Air Freight,42261.65,0.0,0.0,42261.65,Approved,,USD,PO-6098
INV-000899,V019,Logistics Provider 19,Freight Forwarder,2025-06-18 20:16:34.594594592,2025-07-18 20:16:34.594594592,NET30,Sea Freight,12869.33,0.0,0.0,12869.33,Approved,,USD,PO-5037
INV-000900,V021,Logistics Provider 21,Customs Broker,2025-06-19 10:34:14.054054056,2025-09-17 10:34:14.054054056,NET90,Last Mile Delivery,24434.73,0.0,0.0,24434.73,Paid,2025-09-17 10:34:14.054054056,USD,PO-6541
INV-000901,V005,Logistics Provider 5,Warehousing,2025-06-20 00:51:53.513513512,2025-07-20 00:51:53.513513512,NET30,Warehousing,8114.63,0.1,811.46,8926.09,Paid,2025-07-08 00:51:53.513513512,USD,PO-7271
INV-000902,V018,Logistics Provider 18,Last Mile Delivery,2025-06-20 15:09:32.972972976,2025-08-19 15:09:32.972972976,NET60,Customs Clearance,35795.39,0.05,1789.77,37585.16,Pending,,USD,PO-5711
INV-000903,V028,Logistics Provider 28,Freight Forwarder,2025-06-21 05:27:12.432432432,2025-07-21 05:27:12.432432432,NET30,Air Freight,33675.87,0.0,0.0,33675.87,Rejected,,USD,PO-4713
INV-000904,V042,Logistics Provider 42,Transportation,2025-06-21 19:44:51.891891896,2025-07-21 19:44:51.891891896,NET30,Sea Freight,11344.51,0.1,1134.45,12478.96,Paid,2025-07-07 19:44:51.891891896,USD,PO-4470
INV-000905,V022,Logistics Provider 22,Customs Broker,2025-06-22 10:02:31.351351352,2025-09-20 10:02:31.351351352,NET90,Last Mile Delivery,43306.64,0.0,0.0,43306.64,Pending,,USD,PO-9840
INV-000906,V021,Logistics Provider 21,Customs Broker,2025-06-23 00:20:10.810810816,2025-08-07 00:20:10.810810816,NET45,Last Mile Delivery,20664.0,0.0,0.0,20664.0,Paid,2025-07-26 00:20:10.810810816,USD,PO-8268
INV-000907,V006,Logistics Provider 6,Last Mile Delivery,2025-06-23 14:37:50.270270272,2025-07-23 14:37:50.270270272,NET30,Air Freight,15333.24,0.05,766.66,16099.9,Pending,,USD,PO-2085
INV-000908,V001,Logistics Provider 1,Last Mile Delivery,2025-06-24 04:55:29.729729728,2025-08-08 04:55:29.729729728,NET45,Cross-Border,8464.15,0.0,0.0,8464.15,Rejected,,USD,PO-7861
INV-000909,V005,Logistics Provider 5,Warehousing,2025-06-24 19:13:09.189189192,2025-08-23 19:13:09.189189192,NET60,Warehousing,14042.23,0.1,1404.22,15446.45,Rejected,,USD,PO-2522
INV-000910,V041,Logistics Provider 41,Warehousing,2025-06-25 09:30:48.648648648,2025-07-25 09:30:48.648648648,NET30,Air Freight,2079.32,0.1,207.93,2287.25,Paid,2025-07-24 09:30:48.648648648,USD,PO-8492
INV-000911,V012,Logistics Provider 12,Last Mile Delivery,2025-06-25 23:48:28.108108112,2025-09-23 23:48:28.108108112,NET90,Last Mile Delivery,29579.62,0.05,1478.98,31058.6,Paid,2025-09-21 23:48:28.108108112,USD,PO-2093
INV-000912,V026,Logistics Provider 26,Warehousing,2025-06-26 14:06:07.567567568,2025-08-25 14:06:07.567567568,NET60,Road Transport,42269.31,0.0,0.0,42269.31,Approved,,USD,PO-5922
INV-000913,V046,Logistics Provider 46,Freight Forwarder,2025-06-27 04:23:47.027027032,2025-08-26 04:23:47.027027032,NET60,Sea Freight,27900.04,0.1,2790.0,30690.04,Rejected,,USD,PO-3873
INV-000914,V034,Logistics Provider 34,Warehousing,2025-06-27 18:41:26.486486488,2025-09-25 18:41:26.486486488,NET90,Air Freight,11744.42,0.0,0.0,11744.42,Paid,2025-09-15 18:41:26.486486488,USD,PO-2488
INV-000915,V049,Logistics Provider 49,Transportation,2025-06-28 08:59:05.945945944,2025-07-28 08:59:05.945945944,NET30,Cross-Border,2649.79,0.0,0.0,2649.79,Paid,2025-07-19 08:59:05.945945944,USD,PO-9020
INV-000916,V014,Logistics Provider 14,Customs Broker,2025-06-28 23:16:45.405405408,2025-07-28 23:16:45.405405408,NET30,Last Mile Delivery,11516.78,0.0,0.0,11516.78,Rejected,,USD,PO-9612
INV-000917,V026,Logistics Provider 26,Warehousing,2025-06-29 13:34:24.864864864,2025-08-28 13:34:24.864864864,NET60,Warehousing,21389.95,0.05,1069.5,22459.45,Rejected,,USD,PO-8626
INV-000918,V045,Logistics Provider 45,Customs Broker,2025-06-30 03:52:04.324324328,2025-07-30 03:52:04.324324328,NET30,Express Delivery,38220.96,0.0,0.0,38220.96,Paid,2025-07-22 03:52:04.324324328,USD,PO-6997
INV-000919,V027,Logistics Provider 27,Transportation,2025-06-30 18:09:43.783783784,2025-08-14 18:09:43.783783784,NET45,Last Mile Delivery,10204.3,0.1,1020.43,11224.73,Approved,,USD,PO-6532
INV-000920,V009,Logistics Provider 9,Transportation,2025-07-01 08:27:23.243243248,2025-09-29 08:27:23.243243248,NET90,Warehousing,36269.78,0.0,0.0,36269.78,Rejected,,USD,PO-3080
INV-000921,V026,Logistics Provider 26,Warehousing,2025-07-01 22:45:02.702702704,2025-08-15 22:45:02.702702704,NET45,Air Freight,43479.74,0.1,4347.97,47827.71,Paid,2025-08-01 22:45:02.702702704,USD,PO-4366
INV-000922,V047,Logistics Provider 47,Freight Forwarder,2025-07-02 13:02:42.162162160,2025-08-01 13:02:42.162162160,NET30,Warehousing,23243.4,0.0,0.0,23243.4,Rejected,,USD,PO-1215
INV-000923,V022,Logistics Provider 22,Customs Broker,2025-07-03 03:20:21.621621624,2025-09-01 03:20:21.621621624,NET60,Customs Clearance,41250.17,0.1,4125.02,45375.19,Paid,2025-08-29 03:20:21.621621624,USD,PO-9212
INV-000924,V047,Logistics Provider 47,Freight Forwarder,2025-07-03 17:38:01.081081080,2025-10-01 17:38:01.081081080,NET90,Customs Clearance,28178.21,0.1,2817.82,30996.03,Approved,,USD,PO-5246
INV-000925,V030,Logistics Provider 30,Warehousing,2025-07-04 07:55:40.540540544,2025-08-03 07:55:40.540540544,NET30,Customs Clearance,32217.45,0.0,0.0,32217.45,Approved,,USD,PO-2517
INV-000926,V043,Logistics Provider 43,Transportation,2025-07-04 22:13:20.000000000,2025-08-03 22:13:20.000000000,NET30,Cross-Border,26787.64,0.0,0.0,26787.64,Paid,2025-07-26 22:13:20,USD,PO-9382
INV-000927,V048,Logistics Provider 48,Customs Broker,2025-07-05 12:30:59.459459464,2025-09-03 12:30:59.459459464,NET60,Cross-Border,23695.46,0.1,2369.55,26065.01,Paid,2025-07-06 12:30:59.459459464,USD,PO-1546
INV-000928,V017,Logistics Provider 17,Freight Forwarder,2025-07-06 02:48:38.918918920,2025-09-04 02:48:38.918918920,NET60,Road Transport,12498.02,0.05,624.9,13122.92,Approved,,USD,PO-1549
INV-000929,V026,Logistics Provider 26,Warehousing,2025-07-06 17:06:18.378378376,2025-08-20 17:06:18.378378376,NET45,Cross-Border,15856.51,0.0,0.0,15856.51,Paid,2025-08-08 17:06:18.378378376,USD,PO-8687
INV-000930,V036,Logistics Provider 36,Transportation,2025-07-07 07:23:57.837837840,2025-10-05 07:23:57.837837840,NET90,Express Delivery,15208.54,0.05,760.43,15968.97,Approved,,USD,PO-4605
INV-000931,V001,Logistics Provider 1,Last Mile Delivery,2025-07-07 21:41:37.297297296,2025-10-05 21:41:37.297297296,NET90,Air Freight,28601.16,0.0,0.0,28601.16,Paid,2025-10-02 21:41:37.297297296,USD,PO-7363
INV-000932,V008,Logistics Provider 8,Customs Broker,2025-07-08 11:59:16.756756760,2025-09-06 11:59:16.756756760,NET60,Last Mile Delivery,6877.73,0.0,0.0,6877.73,Approved,,USD,PO-4640
INV-000933,V049,Logistics Provider 49,Transportation,2025-07-09 02:16:56.216216216,2025-08-23 02:16:56.216216216,NET45,Last Mile Delivery,45922.79,0.0,0.0,45922.79,Pending,,USD,PO-3784
INV-000934,V035,Logistics Provider 35,Freight Forwarder,2025-07-09 16:34:35.675675680,2025-10-07 16:34:35.675675680,NET90,Road Transport,36312.1,0.0,0.0,36312.1,Pending,,USD,PO-7499
INV-000935,V015,Logistics Provider 15,Last Mile Delivery,2025-07-10 06:52:15.135135136,2025-09-08 06:52:15.135135136,NET60,Cross-Border,20670.84,0.05,1033.54,21704.38,Pending,,USD,PO-4502
INV-000936,V047,Logistics Provider 47,Freight Forwarder,2025-07-10 21:09:54.594594592,2025-08-09 21:09:54.594594592,NET30,Express Delivery,8772.58,0.0,0.0,8772.58,Approved,,USD,PO-9349
INV-000937,V022,Logistics Provider 22,Customs Broker,2025-07-11 11:27:34.054054056,2025-10-09 11:27:34.054054056,NET90,Warehousing,44217.62,0.1,4421.76,48639.38,Pending,,USD,PO-2580
INV-000938,V014,Logistics Provider 14,Customs Broker,2025-07-12 01:45:13.513513512,2025-08-26 01:45:13.513513512,NET45,Road Transport,41365.13,0.1,4136.51,45501.64,Pending,,USD,PO-1442
INV-000939,V026,Logistics Provider 26,Warehousing,2025-07-12 16:02:52.972972976,2025-08-26 16:02:52.972972976,NET45,Express Delivery,36364.36,0.05,1818.22,38182.58,Rejected,,USD,PO-9894
INV-000940,V028,Logistics Provider 28,Freight Forwarder,2025-07-13 06:20:32.432432432,2025-08-27 06:20:32.432432432,NET45,Warehousing,14305.81,0.0,0.0,14305.81,Paid,2025-08-20 06:20:32.432432432,USD,PO-1503
INV-000941,V023,Logistics Provider 23,Warehousing,2025-07-13 20:38:11.891891896,2025-08-12 20:38:11.891891896,NET30,Express Delivery,20719.89,0.1,2071.99,22791.88,Approved,,USD,PO-2915
INV-000942,V014,Logistics Provider 14,Customs Broker,2025-07-14 10:55:51.351351352,2025-10-12 10:55:51.351351352,NET90,Warehousing,6034.66,0.05,301.73,6336.39,Rejected,,USD,PO-8979
INV-000943,V024,Logistics Provider 24,Freight Forwarder,2025-07-15 01:13:30.810810816,2025-10-13 01:13:30.810810816,NET90,Sea Freight,10262.94,0.0,0.0,10262.94,Pending,,USD,PO-3304
INV-000944,V002,Logistics Provider 2,Transportation,2025-07-15 15:31:10.270270272,2025-08-14 15:31:10.270270272,NET30,Express Delivery,39367.82,0.1,3936.78,43304.6,Paid,2025-08-13 15:31:10.270270272,USD,PO-6245
INV-000945,V045,Logistics Provider 45,Customs Broker,2025-07-16 05:48:49.729729728,2025-10-14 05:48:49.729729728,NET90,Last Mile Delivery,36036.9,0.1,3603.69,39640.59,Paid,2025-10-10 05:48:49.729729728,USD,PO-7970
INV-000946,V026,Logistics Provider 26,Warehousing,2025-07-16 20:06:29.189189192,2025-08-15 20:06:29.189189192,NET30,Customs Clearance,30080.8,0.05,1504.04,31584.84,Approved,,USD,PO-3459
INV-000947,V014,Logistics Provider 14,Customs Broker,2025-07-17 10:24:08.648648648,2025-08-16 10:24:08.648648648,NET30,Cross-Border,44890.61,0.0,0.0,44890.61,Approved,,USD,PO-9650
INV-000948,V007,Logistics Provider 7,Freight Forwarder,2025-07-18 00:41:48.108108112,2025-08-17 00:41:48.108108112,NET30,Warehousing,29580.06,0.0,0.0,29580.06,Approved,,USD,PO-8641
INV-000949,V003,Logistics Provider 3,Warehousing,2025-07-18 14:59:27.567567568,2025-09-01 14:59:27.567567568,NET45,Sea Freight,23881.43,0.1,2388.14,26269.57,Approved,,USD,PO-2102
INV-000950,V047,Logistics Provider 47,Freight Forwarder,2025-07-19 05:17:07.027027032,2025-10-17 05:17:07.027027032,NET90,Express Delivery,17678.17,0.1,1767.82,19445.99,Paid,2025-10-14 05:17:07.027027032,USD,PO-3331
INV-000951,V023,Logistics Provider 23,Warehousing,2025-07-19 19:34:46.486486488,2025-08-18 19:34:46.486486488,NET30,Last Mile Delivery,47081.98,0.1,4708.2,51790.18,Pending,,USD,PO-1858
INV-000952,V046,Logistics Provider 46,Freight Forwarder,2025-07-20 09:52:25.945945944,2025-10-18 09:52:25.945945944,NET90,Customs Clearance,5053.06,0.0,0.0,5053.06,Pending,,USD,PO-5350
INV-000953,V043,Logistics Provider 43,Transportation,2025-07-21 00:10:05.405405408,2025-09-04 00:10:05.405405408,NET45,Warehousing,46613.48,0.05,2330.67,48944.15,Pending,,USD,PO-3841
INV-000954,V047,Logistics Provider 47,Freight Forwarder,2025-07-21 14:27:44.864864864,2025-08-20 14:27:44.864864864,NET30,Express Delivery,41509.02,0.05,2075.45,43584.47,Approved,,USD,PO-4311
INV-000955,V045,Logistics Provider 45,Customs Broker,2025-07-22 04:45:24.324324328,2025-09-20 04:45:24.324324328,NET60,Express Delivery,7366.57,0.0,0.0,7366.57,Paid,2025-09-10 04:45:24.324324328,USD,PO-4653
INV-000956,V018,Logistics Provider 18,Last Mile Delivery,2025-07-22 19:03:03.783783784,2025-09-05 19:03:03.783783784,NET45,Warehousing,28684.23,0.05,1434.21,30118.44,Pending,,USD,PO-4299
INV-000957,V038,Logistics Provider 38,Last Mile Delivery,2025-07-23 09:20:43.243243248,2025-09-21 09:20:43.243243248,NET60,Road Transport,43460.85,0.1,4346.08,47806.93,Paid,2025-09-15 09:20:43.243243248,USD,PO-2949
INV-000958,V035,Logistics Provider 35,Freight Forwarder,2025-07-23 23:38:22.702702704,2025-10-21 23:38:22.702702704,NET90,Road Transport,29018.65,0.05,1450.93,30469.58,Approved,,USD,PO-5947
INV-000959,V015,Logistics Provider 15,Last Mile Delivery,2025-07-24 13:56:02.162162160,2025-10-22 13:56:02.162162160,NET90,Last Mile Delivery,45452.79,0.05,2272.64,47725.43,Pending,,USD,PO-7781
INV-000960,V025,Logistics Provider 25,Last Mile Delivery,2025-07-25 04:13:41.621621624,2025-09-08 04:13:41.621621624,NET45,Customs Clearance,47206.21,0.05,2360.31,49566.52,Paid,2025-09-01 04:13:41.621621624,USD,PO-7345
INV-000961,V037,Logistics Provider 37,Warehousing,2025-07-25 18:31:21.081081080,2025-10-23 18:31:21.081081080,NET90,Warehousing,21696.84,0.1,2169.68,23866.52,Pending,,USD,PO-4334
INV-000962,V028,Logistics Provider 28,Freight Forwarder,2025-07-26 08:49:00.540540544,2025-09-24 08:49:00.540540544,NET60,Last Mile Delivery,19488.37,0.0,0.0,19488.37,Paid,2025-09-16 08:49:00.540540544,USD,PO-7987
INV-000963,V010,Logistics Provider 10,Last Mile Delivery,2025-07-26 23:06:40.000000000,2025-08-25 23:06:40.000000000,NET30,Last Mile Delivery,46879.74,0.1,4687.97,51567.71,Paid,2025-08-19 23:06:40,USD,PO-5521
INV-000964,V039,Logistics Provider 39,Warehousing,2025-07-27 13:24:19.459459464,2025-08-26 13:24:19.459459464,NET30,Air Freight,34081.86,0.0,0.0,34081.86,Approved,,USD,PO-8108
INV-000965,V017,Logistics Provider 17,Freight Forwarder,2025-07-28 03:41:58.918918920,2025-08-27 03:41:58.918918920,NET30,Express Delivery,6685.11,0.0,0.0,6685.11,Pending,,USD,PO-5039
INV-000966,V039,Logistics Provider 39,Warehousing,2025-07-28 17:59:38.378378376,2025-09-11 17:59:38.378378376,NET45,Cross-Border,3072.3,0.0,0.0,3072.3,Approved,,USD,PO-6816
INV-000967,V022,Logistics Provider 22,Customs Broker,2025-07-29 08:17:17.837837840,2025-10-27 08:17:17.837837840,NET90,Express Delivery,28666.82,0.05,1433.34,30100.16,Pending,,USD,PO-8575
INV-000968,V026,Logistics Provider 26,Warehousing,2025-07-29 22:34:57.297297296,2025-09-27 22:34:57.297297296,NET60,Road Transport,46578.38,0.05,2328.92,48907.3,Pending,,USD,PO-9418
INV-000969,V044,Logistics Provider 44,Last Mile Delivery,2025-07-30 12:52:36.756756760,2025-10-28 12:52:36.756756760,NET90,Customs Clearance,42368.19,0.0,0.0,42368.19,Approved,,USD,PO-5063
INV-000970,V025,Logistics Provider 25,Last Mile Delivery,2025-07-31 03:10:16.216216216,2025-10-29 03:10:16.216216216,NET90,Express Delivery,34116.54,0.0,0.0,34116.54,Approved,,USD,PO-1573
INV-000971,V017,Logistics Provider 17,Freight Forwarder,2025-07-31 17:27:55.675675680,2025-10-29 17:27:55.675675680,NET90,Warehousing,7816.68,0.05,390.83,8207.51,Paid,2025-10-26 17:27:55.675675680,USD,PO-3065
INV-000972,V013,Logistics Provider 13,Transportation,2025-08-01 07:45:35.135135136,2025-08-31 07:45:35.135135136,NET30,Last Mile Delivery,13457.34,0.1,1345.73,14803.07,Paid,2025-08-29 07:45:35.135135136,USD,PO-9897
INV-000973,V020,Logistics Provider 20,Warehousing,2025-08-01 22:03:14.594594600,2025-09-30 22:03:14.594594600,NET60,Warehousing,43900.05,0.0,0.0,43900.05,Paid,2025-09-19 22:03:14.594594600,USD,PO-3281
INV-000974,V025,Logistics Provider 25,Last Mile Delivery,2025-08-02 12:20:54.054054056,2025-10-01 12:20:54.054054056,NET60,Air Freight,9957.55,0.1,995.76,10953.31,Pending,,USD,PO-3341
INV-000975,V004,Logistics Provider 4,Transportation,2025-08-03 02:38:33.513513512,2025-11-01 02:38:33.513513512,NET90,Customs Clearance,14643.53,0.05,732.18,15375.71,Pending,,USD,PO-3996
INV-000976,V010,Logistics Provider 10,Last Mile Delivery,2025-08-03 16:56:12.972972976,2025-09-02 16:56:12.972972976,NET30,Last Mile Delivery,7350.43,0.0,0.0,7350.43,Paid,2025-08-18 16:56:12.972972976,USD,PO-1568
INV-000977,V003,Logistics Provider 3,Warehousing,2025-08-04 07:13:52.432432432,2025-09-03 07:13:52.432432432,NET30,Warehousing,34129.3,0.1,3412.93,37542.23,Paid,2025-09-02 07:13:52.432432432,USD,PO-5151
INV-000978,V041,Logistics Provider 41,Warehousing,2025-08-04 21:31:31.891891896,2025-10-03 21:31:31.891891896,NET60,Road Transport,47255.13,0.1,4725.51,51980.64,Paid,2025-10-03 21:31:31.891891896,USD,PO-3837
INV-000979,V045,Logistics Provider 45,Customs Broker,2025-08-05 11:49:11.351351352,2025-09-04 11:49:11.351351352,NET30,Cross-Border,14179.43,0.1,1417.94,15597.37,Approved,,USD,PO-6809
INV-000980,V018,Logistics Provider 18,Last Mile Delivery,2025-08-06 02:06:50.810810816,2025-09-05 02:06:50.810810816,NET30,Air Freight,24294.92,0.05,1214.75,25509.67,Paid,2025-08-27 02:06:50.810810816,USD,PO-2911
INV-000981,V047,Logistics Provider 47,Freight Forwarder,2025-08-06 16:24:30.270270272,2025-09-05 16:24:30.270270272,NET30,Customs Clearance,32082.65,0.05,1604.13,33686.78,Paid,2025-08-21 16:24:30.270270272,USD,PO-1382
INV-000982,V036,Logistics Provider 36,Transportation,2025-08-07 06:42:09.729729728,2025-09-21 06:42:09.729729728,NET45,Air Freight,49973.85,0.1,4997.38,54971.23,Approved,,USD,PO-7257
INV-000983,V047,Logistics Provider 47,Freight Forwarder,2025-08-07 20:59:49.189189192,2025-11-05 20:59:49.189189192,NET90,Road Transport,6135.6,0.1,613.56,6749.16,Approved,,USD,PO-9421
INV-000984,V022,Logistics Provider 22,Customs Broker,2025-08-08 11:17:28.648648648,2025-10-07 11:17:28.648648648,NET60,Customs Clearance,25429.97,0.05,1271.5,26701.47,Paid,2025-10-06 11:17:28.648648648,USD,PO-9753
INV-000985,V034,Logistics Provider 34,Warehousing,2025-08-09 01:35:08.108108112,2025-10-08 01:35:08.108108112,NET60,Air Freight,19870.89,0.1,1987.09,21857.98,Approved,,USD,PO-5138
INV-000986,V047,Logistics Provider 47,Freight Forwarder,2025-08-09 15:52:47.567567568,2025-09-23 15:52:47.567567568,NET45,Sea Freight,43425.19,0.1,4342.52,47767.71,Approved,,USD,PO-7909
INV-000987,V008,Logistics Provider 8,Customs Broker,2025-08-10 06:10:27.027027032,2025-11-08 06:10:27.027027032,NET90,Road Transport,24322.42,0.05,1216.12,25538.54,Paid,2025-10-27 06:10:27.027027032,USD,PO-5007
INV-000988,V040,Logistics Provider 40,Freight Forwarder,2025-08-10 20:28:06.486486488,2025-10-09 20:28:06.486486488,NET60,Road Transport,6437.9,0.1,643.79,7081.69,Rejected,,USD,PO-8679
INV-000989,V049,Logistics Provider 49,Transportation,2025-08-11 10:45:45.945945944,2025-09-10 10:45:45.945945944,NET30,Road Transport,32086.78,0.1,3208.68,35295.46,Approved,,USD,PO-3976
INV-000990,V044,Logistics Provider 44,Last Mile Delivery,2025-08-12 01:03:25.405405408,2025-10-11 01:03:25.405405408,NET60,Sea Freight,38768.25,0.1,3876.82,42645.07,Approved,,USD,PO-8933
INV-000991,V019,Logistics Provider 19,Freight Forwarder,2025-08-12 15:21:04.864864864,2025-09-11 15:21:04.864864864,NET30,Sea Freight,1141.18,0.05,57.06,1198.24,Pending,,USD,PO-9390
INV-000992,V042,Logistics Provider 42,Transportation,2025-08-13 05:38:44.324324328,2025-09-27 05:38:44.324324328,NET45,Warehousing,43088.88,0.1,4308.89,47397.77,Paid,2025-09-12 05:38:44.324324328,USD,PO-3767
INV-000993,V041,Logistics Provider 41,Warehousing,2025-08-13 19:56:23.783783784,2025-09-12 19:56:23.783783784,NET30,Last Mile Delivery,10115.13,0.05,505.76,10620.89,Approved,,USD,PO-3075
INV-000994,V037,Logistics Provider 37,Warehousing,2025-08-14 10:14:03.243243248,2025-10-13 10:14:03.243243248,NET60,Cross-Border,28051.4,0.05,1402.57,29453.97,Rejected,,USD,PO-6039
INV-000995,V006,Logistics Provider 6,Last Mile Delivery,2025-08-15 00:31:42.702702704,2025-10-14 00:31:42.702702704,NET60,Air Freight,21374.08,0.0,0.0,21374.08,Approved,,USD,PO-7615
INV-000996,V026,Logistics Provider 26,Warehousing,2025-08-15 14:49:22.162162160,2025-10-14 14:49:22.162162160,NET60,Warehousing,36263.04,0.0,0.0,36263.04,Approved,,USD,PO-5198
INV-000997,V034,Logistics Provider 34,Warehousing,2025-08-16 05:07:01.621621624,2025-09-30 05:07:01.621621624,NET45,Air Freight,19186.92,0.1,1918.69,21105.61,Paid,2025-09-15 05:07:01.621621624,USD,PO-7240
INV-000998,V045,Logistics Provider 45,Customs Broker,2025-08-16 19:24:41.081081080,2025-09-30 19:24:41.081081080,NET45,Cross-Border,43618.4,0.05,2180.92,45799.32,Paid,2025-09-18 19:24:41.081081080,USD,PO-4327
INV-000999,V006,Logistics Provider 6,Last Mile Delivery,2025-08-17 09:42:20.540540544,2025-11-15 09:42:20.540540544,NET90,Last Mile Delivery,36794.32,0.0,0.0,36794.32,Approved,,USD,PO-5328
INV-001000,V037,Logistics Provider 37,Warehousing,2025-08-18 00:00:00.000000000,2025-10-17 00:00:00.000000000,NET60,Sea Freight,32737.95,0.1,3273.8,36011.75,Approved,,USD,PO-6610
